obs,05ag_sum,05ag_mean,10ag_sum,10ag_mean,00ag_sum,00ag_mean,00g_sum,00g_mean,90ag_sum,90ag_mean,90g_sum,90g_mean,95ag_sum,95ag_mean,95g_sum,95g_mean
344,786.0,786.0,808.0,808.0,759.0,759.0,773.0,773.0,695.0,695.0,684.0,684.0,729.0,729.0,727.0,727.0
0,1253.0,1253.0,1239.0,1239.0,1258.0,1258.0,1281.0,1281.0,1244.0,1244.0,1224.0,1224.0,1256.0,1256.0,1253.0,1253.0
346,8191.0,8191.0,8417.0,8417.0,7912.0,7912.0,8055.0,8055.0,7237.0,7237.0,7122.0,7122.0,7595.0,7595.0,7574.0,7574.0
347,23184.0,23184.0,23822.0,23822.0,22392.0,22392.0,22798.0,22798.0,20484.0,20484.0,20157.0,20157.0,21497.0,21497.0,21437.0,21437.0
340,4451.0,4451.0,4574.0,4574.0,4299.0,4299.0,4378.0,4378.0,3933.0,3933.0,3870.0,3870.0,4127.0,4127.0,4116.0,4116.0
341,4756.0,4756.0,4887.0,4887.0,4594.0,4594.0,4677.0,4677.0,4202.0,4202.0,4135.0,4135.0,4410.0,4410.0,4398.0,4398.0
342,424.0,424.0,436.0,436.0,409.0,409.0,417.0,417.0,374.0,374.0,368.0,368.0,393.0,393.0,392.0,392.0
343,703.0,703.0,722.0,722.0,679.0,679.0,691.0,691.0,621.0,621.0,611.0,611.0,651.0,651.0,650.0,650.0
348,10107.0,10107.0,10386.0,10386.0,9762.0,9762.0,9939.0,9939.0,8931.0,8931.0,8788.0,8788.0,9372.0,9372.0,9346.0,9346.0
349,0,0,0,0,0,0,0,0,0,0,0,0,0,0,0,0
595,0,0,0,0,0,0,0,0,0,0,0,0,0,0,0,0
719,0,0,0,0,0,0,0,0,0,0,0,0,0,0,0,0
718,5.0,5.0,5.0,5.0,4.0,4.0,4.0,4.0,4.0,4.0,4.0,4.0,4.0,4.0,4.0,4.0
717,806.0,806.0,849.0,849.0,760.0,760.0,774.0,774.0,662.0,662.0,651.0,651.0,712.0,712.0,710.0,710.0
716,478.0,478.0,504.0,504.0,451.0,451.0,459.0,459.0,393.0,393.0,386.0,386.0,422.0,422.0,421.0,421.0
715,67.0,67.0,71.0,71.0,63.0,63.0,64.0,64.0,55.0,55.0,54.0,54.0,59.0,59.0,59.0,59.0
714,0,0,0,0,0,0,0,0,0,0,0,0,0,0,0,0
713,364.0,364.0,384.0,384.0,343.0,343.0,350.0,350.0,299.0,299.0,294.0,294.0,322.0,322.0,321.0,321.0
712,526.0,526.0,554.0,554.0,495.0,495.0,505.0,505.0,432.0,432.0,425.0,425.0,464.0,464.0,463.0,463.0
711,0,0,0,0,0,0,0,0,0,0,0,0,0,0,0,0
710,472.0,472.0,497.0,497.0,445.0,445.0,453.0,453.0,387.0,387.0,381.0,381.0,417.0,417.0,416.0,416.0
606,3746.0,3746.0,3849.0,3849.0,3618.0,3618.0,3684.0,3684.0,3309.0,3309.0,3257.0,3257.0,3473.0,3473.0,3464.0,3464.0
594,7880.0,7880.0,8097.0,8097.0,7611.0,7611.0,7749.0,7749.0,6963.0,6963.0,6851.0,6851.0,7307.0,7307.0,7286.0,7286.0
736,0,0,0,0,0,0,0,0,0,0,0,0,0,0,0,0
619,9.0,9.0,9.0,9.0,8.0,8.0,8.0,8.0,7.0,7.0,7.0,7.0,8.0,8.0,8.0,8.0
298,3339.0,3339.0,3300.0,3300.0,3354.0,3354.0,3414.0,3414.0,3316.0,3316.0,3263.0,3263.0,3347.0,3347.0,3338.0,3338.0
299,1643.0,1643.0,1623.0,1623.0,1649.0,1649.0,1680.0,1680.0,1630.0,1630.0,1605.0,1605.0,1647.0,1647.0,1642.0,1642.0
296,4860.0,4860.0,4804.0,4804.0,4879.0,4879.0,4970.0,4970.0,4824.0,4824.0,4749.0,4749.0,4870.0,4870.0,4858.0,4858.0
297,4721.0,4721.0,4666.0,4666.0,4739.0,4739.0,4826.0,4826.0,4686.0,4686.0,4612.0,4612.0,4730.0,4730.0,4718.0,4718.0
294,4888.0,4888.0,4831.0,4831.0,4908.0,4908.0,4997.0,4997.0,4852.0,4852.0,4775.0,4775.0,4898.0,4898.0,4885.0,4885.0
295,5749.0,5749.0,5683.0,5683.0,5773.0,5773.0,5878.0,5878.0,5708.0,5708.0,5617.0,5617.0,5762.0,5762.0,5746.0,5746.0
292,5669.0,5669.0,5603.0,5603.0,5693.0,5693.0,5796.0,5796.0,5628.0,5628.0,5539.0,5539.0,5681.0,5681.0,5666.0,5666.0
293,4172.0,4172.0,4123.0,4123.0,4189.0,4189.0,4265.0,4265.0,4142.0,4142.0,4076.0,4076.0,4181.0,4181.0,4169.0,4169.0
290,3917.0,3917.0,3872.0,3872.0,3933.0,3933.0,4005.0,4005.0,3889.0,3889.0,3827.0,3827.0,3926.0,3926.0,3915.0,3915.0
291,7608.0,7608.0,7519.0,7519.0,7640.0,7640.0,7778.0,7778.0,7553.0,7553.0,7433.0,7433.0,7625.0,7625.0,7604.0,7604.0
591,4083.0,4083.0,4195.0,4195.0,3943.0,3943.0,4015.0,4015.0,3607.0,3607.0,3550.0,3550.0,3785.0,3785.0,3775.0,3775.0
590,6346.0,6346.0,6521.0,6521.0,6129.0,6129.0,6240.0,6240.0,5607.0,5607.0,5517.0,5517.0,5884.0,5884.0,5868.0,5868.0
593,4722.0,4722.0,4852.0,4852.0,4561.0,4561.0,4644.0,4644.0,4172.0,4172.0,4106.0,4106.0,4379.0,4379.0,4366.0,4366.0
592,2361.0,2361.0,2426.0,2426.0,2280.0,2280.0,2322.0,2322.0,2087.0,2087.0,2054.0,2054.0,2189.0,2189.0,2184.0,2184.0
199,751.0,751.0,742.0,742.0,754.0,754.0,768.0,768.0,745.0,745.0,734.0,734.0,753.0,753.0,751.0,751.0
198,869.0,869.0,860.0,860.0,871.0,871.0,887.0,887.0,859.0,859.0,846.0,846.0,869.0,869.0,866.0,866.0
597,7717.0,7717.0,7930.0,7930.0,7453.0,7453.0,7589.0,7589.0,6819.0,6819.0,6710.0,6710.0,7156.0,7156.0,7136.0,7136.0
596,2785.0,2785.0,2862.0,2862.0,2690.0,2690.0,2739.0,2739.0,2461.0,2461.0,2421.0,2421.0,2582.0,2582.0,2575.0,2575.0
195,2166.0,2166.0,2141.0,2141.0,2175.0,2175.0,2215.0,2215.0,2151.0,2151.0,2116.0,2116.0,2171.0,2171.0,2165.0,2165.0
194,5164.0,5164.0,5104.0,5104.0,5186.0,5186.0,5280.0,5280.0,5127.0,5127.0,5046.0,5046.0,5175.0,5175.0,5161.0,5161.0
197,4065.0,4065.0,4018.0,4018.0,4081.0,4081.0,4155.0,4155.0,4034.0,4034.0,3970.0,3970.0,4073.0,4073.0,4061.0,4061.0
196,3791.0,3791.0,3747.0,3747.0,3807.0,3807.0,3876.0,3876.0,3764.0,3764.0,3704.0,3704.0,3799.0,3799.0,3789.0,3789.0
191,1180.0,1180.0,1166.0,1166.0,1184.0,1184.0,1207.0,1207.0,1171.0,1171.0,1153.0,1153.0,1182.0,1182.0,1179.0,1179.0
190,2271.0,2271.0,2245.0,2245.0,2281.0,2281.0,2322.0,2322.0,2255.0,2255.0,2219.0,2219.0,2276.0,2276.0,2270.0,2270.0
193,7617.0,7617.0,7529.0,7529.0,7648.0,7648.0,7788.0,7788.0,7563.0,7563.0,7442.0,7442.0,7633.0,7633.0,7613.0,7613.0
192,899.0,899.0,888.0,888.0,902.0,902.0,919.0,919.0,893.0,893.0,879.0,879.0,900.0,900.0,899.0,899.0
270,7567.0,7567.0,7775.0,7775.0,7309.0,7309.0,7441.0,7441.0,6686.0,6686.0,6579.0,6579.0,7016.0,7016.0,6997.0,6997.0
271,6599.0,6599.0,6781.0,6781.0,6374.0,6374.0,6489.0,6489.0,5831.0,5831.0,5737.0,5737.0,6119.0,6119.0,6102.0,6102.0
272,3130.0,3130.0,3216.0,3216.0,3023.0,3023.0,3078.0,3078.0,2766.0,2766.0,2721.0,2721.0,2902.0,2902.0,2894.0,2894.0
273,746.0,746.0,767.0,767.0,721.0,721.0,734.0,734.0,659.0,659.0,649.0,649.0,692.0,692.0,690.0,690.0
274,747.0,747.0,767.0,767.0,721.0,721.0,734.0,734.0,660.0,660.0,649.0,649.0,692.0,692.0,690.0,690.0
275,9072.0,9072.0,9322.0,9322.0,8762.0,8762.0,8921.0,8921.0,8016.0,8016.0,7888.0,7888.0,8412.0,8412.0,8389.0,8389.0
276,10628.0,10628.0,10921.0,10921.0,10266.0,10266.0,10452.0,10452.0,9391.0,9391.0,9241.0,9241.0,9855.0,9855.0,9828.0,9828.0
277,18275.0,18275.0,18778.0,18778.0,17651.0,17651.0,17971.0,17971.0,16147.0,16147.0,15889.0,15889.0,16945.0,16945.0,16898.0,16898.0
278,23849.0,23849.0,24506.0,24506.0,23035.0,23035.0,23452.0,23452.0,21072.0,21072.0,20735.0,20735.0,22114.0,22114.0,22052.0,22052.0
279,14827.0,14827.0,15235.0,15235.0,14321.0,14321.0,14580.0,14580.0,13101.0,13101.0,12891.0,12891.0,13748.0,13748.0,13710.0,13710.0
738,1390.0,1390.0,1464.0,1464.0,1311.0,1311.0,1334.0,1334.0,1142.0,1142.0,1123.0,1123.0,1228.0,1228.0,1224.0,1224.0
524,207.0,207.0,212.0,212.0,200.0,200.0,204.0,204.0,183.0,183.0,180.0,180.0,192.0,192.0,192.0,192.0
525,306.0,306.0,315.0,315.0,296.0,296.0,302.0,302.0,271.0,271.0,267.0,267.0,284.0,284.0,283.0,283.0
526,3769.0,3769.0,3872.0,3872.0,3640.0,3640.0,3706.0,3706.0,3330.0,3330.0,3277.0,3277.0,3494.0,3494.0,3485.0,3485.0
527,2576.0,2576.0,2647.0,2647.0,2488.0,2488.0,2533.0,2533.0,2276.0,2276.0,2240.0,2240.0,2389.0,2389.0,2382.0,2382.0
520,535.0,535.0,542.0,542.0,524.0,524.0,533.0,533.0,493.0,493.0,485.0,485.0,510.0,510.0,509.0,509.0
521,176.0,176.0,181.0,181.0,170.0,170.0,173.0,173.0,155.0,155.0,153.0,153.0,163.0,163.0,163.0,163.0
522,183.0,183.0,187.0,187.0,176.0,176.0,180.0,180.0,161.0,161.0,159.0,159.0,169.0,169.0,169.0,169.0
523,172.0,172.0,176.0,176.0,166.0,166.0,169.0,169.0,152.0,152.0,149.0,149.0,159.0,159.0,159.0,159.0
599,4378.0,4378.0,4498.0,4498.0,4228.0,4228.0,4305.0,4305.0,3868.0,3868.0,3806.0,3806.0,4059.0,4059.0,4048.0,4048.0
528,3811.0,3811.0,3916.0,3916.0,3681.0,3681.0,3748.0,3748.0,3367.0,3367.0,3313.0,3313.0,3534.0,3534.0,3524.0,3524.0
529,0,0,0,0,0,0,0,0,0,0,0,0,0,0,0,0
449,7209.0,7209.0,7129.0,7129.0,7235.0,7235.0,7368.0,7368.0,7149.0,7149.0,7036.0,7036.0,7219.0,7219.0,7200.0,7200.0
448,0,0,0,0,0,0,0,0,0,0,0,0,0,0,0,0
443,223.0,223.0,229.0,229.0,215.0,215.0,220.0,220.0,197.0,197.0,194.0,194.0,207.0,207.0,206.0,206.0
442,230.0,230.0,237.0,237.0,222.0,222.0,227.0,227.0,203.0,203.0,200.0,200.0,213.0,213.0,213.0,213.0
441,202.0,202.0,207.0,207.0,195.0,195.0,199.0,199.0,179.0,179.0,176.0,176.0,187.0,187.0,187.0,187.0
440,307.0,307.0,316.0,316.0,297.0,297.0,303.0,303.0,272.0,272.0,267.0,267.0,285.0,285.0,284.0,284.0
447,3594.0,3594.0,3692.0,3692.0,3471.0,3471.0,3534.0,3534.0,3175.0,3175.0,3124.0,3124.0,3332.0,3332.0,3323.0,3323.0
446,4014.0,4014.0,4124.0,4124.0,3877.0,3877.0,3947.0,3947.0,3547.0,3547.0,3490.0,3490.0,3722.0,3722.0,3712.0,3712.0
445,179.0,179.0,184.0,184.0,172.0,172.0,176.0,176.0,158.0,158.0,155.0,155.0,166.0,166.0,165.0,165.0
444,205.0,205.0,211.0,211.0,198.0,198.0,202.0,202.0,181.0,181.0,178.0,178.0,190.0,190.0,190.0,190.0
108,1690.0,1690.0,1670.0,1670.0,1697.0,1697.0,1728.0,1728.0,1678.0,1678.0,1651.0,1651.0,1694.0,1694.0,1689.0,1689.0
109,1363.0,1363.0,1347.0,1347.0,1369.0,1369.0,1394.0,1394.0,1353.0,1353.0,1332.0,1332.0,1366.0,1366.0,1362.0,1362.0
102,2595.0,2595.0,2667.0,2667.0,2507.0,2507.0,2553.0,2553.0,2293.0,2293.0,2257.0,2257.0,2407.0,2407.0,2400.0,2400.0
103,3013.0,3013.0,3096.0,3096.0,2910.0,2910.0,2963.0,2963.0,2662.0,2662.0,2619.0,2619.0,2793.0,2793.0,2786.0,2786.0
100,4885.0,4885.0,5019.0,5019.0,4718.0,4718.0,4803.0,4803.0,4316.0,4316.0,4247.0,4247.0,4529.0,4529.0,4517.0,4517.0
101,3199.0,3199.0,3287.0,3287.0,3090.0,3090.0,3146.0,3146.0,2827.0,2827.0,2782.0,2782.0,2966.0,2966.0,2958.0,2958.0
106,1111.0,1111.0,1098.0,1098.0,1116.0,1116.0,1136.0,1136.0,1103.0,1103.0,1085.0,1085.0,1113.0,1113.0,1110.0,1110.0
107,952.0,952.0,941.0,941.0,956.0,956.0,974.0,974.0,946.0,946.0,931.0,931.0,954.0,954.0,952.0,952.0
104,7561.0,7561.0,7769.0,7769.0,7302.0,7302.0,7435.0,7435.0,6680.0,6680.0,6573.0,6573.0,7010.0,7010.0,6991.0,6991.0
105,1214.0,1214.0,1200.0,1200.0,1219.0,1219.0,1241.0,1241.0,1205.0,1205.0,1186.0,1186.0,1216.0,1216.0,1213.0,1213.0
39,655.0,655.0,647.0,647.0,658.0,658.0,670.0,670.0,650.0,650.0,640.0,640.0,656.0,656.0,655.0,655.0
38,346.0,346.0,342.0,342.0,347.0,347.0,354.0,354.0,344.0,344.0,338.0,338.0,347.0,347.0,346.0,346.0
33,4760.0,4760.0,4891.0,4891.0,4597.0,4597.0,4681.0,4681.0,4205.0,4205.0,4138.0,4138.0,4413.0,4413.0,4401.0,4401.0
32,5108.0,5108.0,5248.0,5248.0,4933.0,4933.0,5023.0,5023.0,4513.0,4513.0,4441.0,4441.0,4736.0,4736.0,4723.0,4723.0
31,10486.0,10486.0,10775.0,10775.0,10128.0,10128.0,10312.0,10312.0,9265.0,9265.0,9117.0,9117.0,9723.0,9723.0,9696.0,9696.0
30,18880.0,18880.0,19400.0,19400.0,18236.0,18236.0,18566.0,18566.0,16682.0,16682.0,16415.0,16415.0,17507.0,17507.0,17458.0,17458.0
37,482.0,482.0,477.0,477.0,484.0,484.0,493.0,493.0,478.0,478.0,471.0,471.0,483.0,483.0,482.0,482.0
36,1040.0,1040.0,1028.0,1028.0,1044.0,1044.0,1063.0,1063.0,1032.0,1032.0,1016.0,1016.0,1042.0,1042.0,1039.0,1039.0
35,1021.0,1021.0,1010.0,1010.0,1026.0,1026.0,1044.0,1044.0,1014.0,1014.0,998.0,998.0,1024.0,1024.0,1021.0,1021.0
34,3738.0,3738.0,3841.0,3841.0,3610.0,3610.0,3675.0,3675.0,3302.0,3302.0,3250.0,3250.0,3466.0,3466.0,3456.0,3456.0
641,173.0,173.0,183.0,183.0,163.0,163.0,166.0,166.0,142.0,142.0,140.0,140.0,153.0,153.0,153.0,153.0
640,0,0,0,0,0,0,0,0,0,0,0,0,0,0,0,0
643,1792.0,1792.0,1887.0,1887.0,1689.0,1689.0,1720.0,1720.0,1471.0,1471.0,1448.0,1448.0,1582.0,1582.0,1578.0,1578.0
642,1829.0,1829.0,1926.0,1926.0,1724.0,1724.0,1755.0,1755.0,1502.0,1502.0,1478.0,1478.0,1615.0,1615.0,1611.0,1611.0
645,1524.0,1524.0,1604.0,1604.0,1436.0,1436.0,1462.0,1462.0,1251.0,1251.0,1231.0,1231.0,1345.0,1345.0,1342.0,1342.0
644,1604.0,1604.0,1689.0,1689.0,1512.0,1512.0,1539.0,1539.0,1317.0,1317.0,1296.0,1296.0,1416.0,1416.0,1412.0,1412.0
438,391.0,391.0,400.0,400.0,379.0,379.0,386.0,386.0,350.0,350.0,345.0,345.0,366.0,366.0,365.0,365.0
439,398.0,398.0,409.0,409.0,384.0,384.0,391.0,391.0,352.0,352.0,346.0,346.0,369.0,369.0,368.0,368.0
436,877.0,877.0,867.0,867.0,880.0,880.0,897.0,897.0,870.0,870.0,857.0,857.0,879.0,879.0,877.0,877.0
437,910.0,910.0,900.0,900.0,913.0,913.0,931.0,931.0,901.0,901.0,888.0,888.0,910.0,910.0,909.0,909.0
434,1249.0,1249.0,1235.0,1235.0,1255.0,1255.0,1278.0,1278.0,1240.0,1240.0,1221.0,1221.0,1252.0,1252.0,1249.0,1249.0
435,1411.0,1411.0,1394.0,1394.0,1417.0,1417.0,1443.0,1443.0,1401.0,1401.0,1379.0,1379.0,1414.0,1414.0,1410.0,1410.0
432,3784.0,3784.0,3740.0,3740.0,3800.0,3800.0,3869.0,3869.0,3756.0,3756.0,3697.0,3697.0,3792.0,3792.0,3782.0,3782.0
433,1638.0,1638.0,1619.0,1619.0,1645.0,1645.0,1675.0,1675.0,1626.0,1626.0,1600.0,1600.0,1641.0,1641.0,1637.0,1637.0
430,4109.0,4109.0,4060.0,4060.0,4126.0,4126.0,4201.0,4201.0,4079.0,4079.0,4015.0,4015.0,4118.0,4118.0,4107.0,4107.0
431,2974.0,2974.0,2939.0,2939.0,2987.0,2987.0,3041.0,3041.0,2952.0,2952.0,2906.0,2906.0,2980.0,2980.0,2973.0,2973.0
339,3521.0,3521.0,3618.0,3618.0,3401.0,3401.0,3462.0,3462.0,3111.0,3111.0,3061.0,3061.0,3265.0,3265.0,3256.0,3256.0
338,3970.0,3970.0,4080.0,4080.0,3835.0,3835.0,3905.0,3905.0,3508.0,3508.0,3453.0,3453.0,3682.0,3682.0,3672.0,3672.0
335,1662.0,1662.0,1643.0,1643.0,1669.0,1669.0,1700.0,1700.0,1651.0,1651.0,1624.0,1624.0,1665.0,1665.0,1661.0,1661.0
334,2288.0,2288.0,2261.0,2261.0,2298.0,2298.0,2340.0,2340.0,2272.0,2272.0,2235.0,2235.0,2293.0,2293.0,2287.0,2287.0
337,2712.0,2712.0,2780.0,2780.0,2626.0,2626.0,2674.0,2674.0,2414.0,2414.0,2376.0,2376.0,2527.0,2527.0,2520.0,2520.0
336,584.0,584.0,577.0,577.0,586.0,586.0,598.0,598.0,580.0,580.0,572.0,572.0,585.0,585.0,584.0,584.0
331,3962.0,3962.0,3917.0,3917.0,3978.0,3978.0,4051.0,4051.0,3934.0,3934.0,3871.0,3871.0,3971.0,3971.0,3960.0,3960.0
330,5364.0,5364.0,5302.0,5302.0,5386.0,5386.0,5484.0,5484.0,5326.0,5326.0,5241.0,5241.0,5376.0,5376.0,5361.0,5361.0
333,2410.0,2410.0,2382.0,2382.0,2421.0,2421.0,2465.0,2465.0,2393.0,2393.0,2355.0,2355.0,2416.0,2416.0,2409.0,2409.0
332,1336.0,1336.0,1320.0,1320.0,1341.0,1341.0,1366.0,1366.0,1326.0,1326.0,1305.0,1305.0,1339.0,1339.0,1336.0,1336.0
744,1856.0,1856.0,1955.0,1955.0,1750.0,1750.0,1782.0,1782.0,1524.0,1524.0,1500.0,1500.0,1639.0,1639.0,1635.0,1635.0
745,2537.0,2537.0,2671.0,2671.0,2391.0,2391.0,2435.0,2435.0,2083.0,2083.0,2050.0,2050.0,2240.0,2240.0,2234.0,2234.0
345,6963.0,6963.0,7155.0,7155.0,6725.0,6725.0,6847.0,6847.0,6152.0,6152.0,6054.0,6054.0,6457.0,6457.0,6439.0,6439.0
748,0,0,0,0,0,0,0,0,0,0,0,0,0,0,0,0
6,1094.0,1094.0,1081.0,1081.0,1098.0,1098.0,1118.0,1118.0,1086.0,1086.0,1069.0,1069.0,1096.0,1096.0,1093.0,1093.0
99,4742.0,4742.0,4873.0,4873.0,4580.0,4580.0,4663.0,4663.0,4190.0,4190.0,4123.0,4123.0,4397.0,4397.0,4385.0,4385.0
98,1495.0,1495.0,1536.0,1536.0,1444.0,1444.0,1470.0,1470.0,1321.0,1321.0,1300.0,1300.0,1386.0,1386.0,1382.0,1382.0
91,631.0,631.0,623.0,623.0,633.0,633.0,645.0,645.0,626.0,626.0,616.0,616.0,632.0,632.0,631.0,631.0
90,654.0,654.0,647.0,647.0,657.0,657.0,669.0,669.0,650.0,650.0,639.0,639.0,656.0,656.0,654.0,654.0
93,2766.0,2766.0,2740.0,2740.0,2771.0,2771.0,2821.0,2821.0,2727.0,2727.0,2684.0,2684.0,2759.0,2759.0,2751.0,2751.0
92,1924.0,1924.0,1902.0,1902.0,1932.0,1932.0,1967.0,1967.0,1910.0,1910.0,1880.0,1880.0,1928.0,1928.0,1923.0,1923.0
95,635.0,635.0,653.0,653.0,613.0,613.0,625.0,625.0,561.0,561.0,552.0,552.0,589.0,589.0,587.0,587.0
94,1490.0,1490.0,1530.0,1530.0,1440.0,1440.0,1467.0,1467.0,1319.0,1319.0,1298.0,1298.0,1383.0,1383.0,1380.0,1380.0
97,1159.0,1159.0,1191.0,1191.0,1120.0,1120.0,1140.0,1140.0,1024.0,1024.0,1008.0,1008.0,1075.0,1075.0,1072.0,1072.0
96,651.0,651.0,669.0,669.0,629.0,629.0,641.0,641.0,575.0,575.0,566.0,566.0,604.0,604.0,602.0,602.0
740,410.0,410.0,432.0,432.0,386.0,386.0,393.0,393.0,337.0,337.0,331.0,331.0,362.0,362.0,361.0,361.0
741,0,0,0,0,0,0,0,0,0,0,0,0,0,0,0,0
742,0,0,0,0,0,0,0,0,0,0,0,0,0,0,0,0
743,610.0,610.0,643.0,643.0,575.0,575.0,586.0,586.0,501.0,501.0,493.0,493.0,539.0,539.0,537.0,537.0
559,0,0,0,0,0,0,0,0,0,0,0,0,0,0,0,0
558,6064.0,6064.0,6231.0,6231.0,5857.0,5857.0,5963.0,5963.0,5358.0,5358.0,5272.0,5272.0,5623.0,5623.0,5607.0,5607.0
746,832.0,832.0,877.0,877.0,785.0,785.0,799.0,799.0,684.0,684.0,673.0,673.0,735.0,735.0,733.0,733.0
747,19.0,19.0,20.0,20.0,18.0,18.0,18.0,18.0,15.0,15.0,15.0,15.0,17.0,17.0,17.0,17.0
555,3279.0,3279.0,3370.0,3370.0,3167.0,3167.0,3225.0,3225.0,2898.0,2898.0,2852.0,2852.0,3041.0,3041.0,3033.0,3033.0
554,674.0,674.0,693.0,693.0,651.0,651.0,664.0,664.0,596.0,596.0,587.0,587.0,625.0,625.0,624.0,624.0
557,17836.0,17836.0,18327.0,18327.0,17227.0,17227.0,17539.0,17539.0,15759.0,15759.0,15507.0,15507.0,16538.0,16538.0,16492.0,16492.0
556,6936.0,6936.0,7126.0,7126.0,6698.0,6698.0,6820.0,6820.0,6128.0,6128.0,6030.0,6030.0,6431.0,6431.0,6413.0,6413.0
551,2560.0,2560.0,2630.0,2630.0,2472.0,2472.0,2517.0,2517.0,2261.0,2261.0,2226.0,2226.0,2373.0,2373.0,2367.0,2367.0
550,3355.0,3355.0,3433.0,3433.0,3254.0,3254.0,3313.0,3313.0,3003.0,3003.0,2955.0,2955.0,3137.0,3137.0,3129.0,3129.0
553,533.0,533.0,548.0,548.0,514.0,514.0,524.0,524.0,470.0,470.0,463.0,463.0,494.0,494.0,493.0,493.0
552,673.0,673.0,692.0,692.0,650.0,650.0,662.0,662.0,594.0,594.0,585.0,585.0,624.0,624.0,623.0,623.0
238,625.0,625.0,642.0,642.0,603.0,603.0,614.0,614.0,552.0,552.0,543.0,543.0,579.0,579.0,578.0,578.0
239,381.0,381.0,392.0,392.0,368.0,368.0,375.0,375.0,337.0,337.0,332.0,332.0,354.0,354.0,353.0,353.0
234,1834.0,1834.0,1860.0,1860.0,1795.0,1795.0,1828.0,1828.0,1689.0,1689.0,1662.0,1662.0,1748.0,1748.0,1743.0,1743.0
235,7567.0,7567.0,7775.0,7775.0,7309.0,7309.0,7441.0,7441.0,6686.0,6686.0,6579.0,6579.0,7016.0,7016.0,6997.0,6997.0
236,6235.0,6235.0,6406.0,6406.0,6022.0,6022.0,6131.0,6131.0,5508.0,5508.0,5420.0,5420.0,5781.0,5781.0,5765.0,5765.0
237,4715.0,4715.0,4845.0,4845.0,4554.0,4554.0,4636.0,4636.0,4166.0,4166.0,4099.0,4099.0,4371.0,4371.0,4359.0,4359.0
230,3272.0,3272.0,3234.0,3234.0,3286.0,3286.0,3346.0,3346.0,3249.0,3249.0,3197.0,3197.0,3280.0,3280.0,3271.0,3271.0
231,2647.0,2647.0,2616.0,2616.0,2658.0,2658.0,2706.0,2706.0,2628.0,2628.0,2586.0,2586.0,2653.0,2653.0,2645.0,2645.0
232,2379.0,2379.0,2355.0,2355.0,2385.0,2385.0,2428.0,2428.0,2351.0,2351.0,2313.0,2313.0,2377.0,2377.0,2370.0,2370.0
233,449.0,449.0,454.0,454.0,440.0,440.0,449.0,449.0,416.0,416.0,410.0,410.0,430.0,430.0,428.0,428.0
1,1277.0,1277.0,1262.0,1262.0,1282.0,1282.0,1305.0,1305.0,1268.0,1268.0,1247.0,1247.0,1280.0,1280.0,1276.0,1276.0
614,476.0,476.0,489.0,489.0,460.0,460.0,468.0,468.0,420.0,420.0,414.0,414.0,441.0,441.0,440.0,440.0
146,1354.0,1354.0,1338.0,1338.0,1359.0,1359.0,1384.0,1384.0,1344.0,1344.0,1323.0,1323.0,1357.0,1357.0,1353.0,1353.0
147,1000.0,1000.0,988.0,988.0,1004.0,1004.0,1022.0,1022.0,992.0,992.0,977.0,977.0,1002.0,1002.0,999.0,999.0
144,1389.0,1389.0,1372.0,1372.0,1394.0,1394.0,1420.0,1420.0,1378.0,1378.0,1356.0,1356.0,1391.0,1391.0,1388.0,1388.0
145,1504.0,1504.0,1487.0,1487.0,1510.0,1510.0,1538.0,1538.0,1493.0,1493.0,1470.0,1470.0,1507.0,1507.0,1503.0,1503.0
142,1166.0,1166.0,1153.0,1153.0,1171.0,1171.0,1192.0,1192.0,1158.0,1158.0,1139.0,1139.0,1169.0,1169.0,1165.0,1165.0
143,3182.0,3182.0,3145.0,3145.0,3195.0,3195.0,3253.0,3253.0,3159.0,3159.0,3109.0,3109.0,3189.0,3189.0,3180.0,3180.0
140,1195.0,1195.0,1181.0,1181.0,1200.0,1200.0,1222.0,1222.0,1186.0,1186.0,1167.0,1167.0,1197.0,1197.0,1194.0,1194.0
141,1217.0,1217.0,1203.0,1203.0,1222.0,1222.0,1244.0,1244.0,1208.0,1208.0,1189.0,1189.0,1219.0,1219.0,1216.0,1216.0
612,0.0,0.0,0.0,0.0,0.0,0.0,0.0,0.0,0.0,0.0,0.0,0.0,0.0,0.0,0.0,0.0
613,0,0,0,0,0,0,0,0,0,0,0,0,0,0,0,0
610,3305.0,3305.0,3396.0,3396.0,3192.0,3192.0,3250.0,3250.0,2920.0,2920.0,2874.0,2874.0,3065.0,3065.0,3056.0,3056.0
611,3031.0,3031.0,3114.0,3114.0,2927.0,2927.0,2980.0,2980.0,2678.0,2678.0,2635.0,2635.0,2810.0,2810.0,2802.0,2802.0
616,0,0,0,0,0,0,0,0,0,0,0,0,0,0,0,0
617,0,0,0,0,0,0,0,0,0,0,0,0,0,0,0,0
148,1005.0,1005.0,993.0,993.0,1009.0,1009.0,1028.0,1028.0,998.0,998.0,982.0,982.0,1007.0,1007.0,1004.0,1004.0
149,904.0,904.0,893.0,893.0,908.0,908.0,925.0,925.0,898.0,898.0,883.0,883.0,906.0,906.0,904.0,904.0
768,1256.0,1256.0,1323.0,1323.0,1184.0,1184.0,1206.0,1206.0,1032.0,1032.0,1015.0,1015.0,1109.0,1109.0,1106.0,1106.0
689,2047.0,2047.0,2156.0,2156.0,1930.0,1930.0,1965.0,1965.0,1681.0,1681.0,1654.0,1654.0,1808.0,1808.0,1803.0,1803.0
688,585.0,585.0,616.0,616.0,552.0,552.0,562.0,562.0,481.0,481.0,473.0,473.0,517.0,517.0,516.0,516.0
685,0,0,0,0,0,0,0,0,0,0,0,0,0,0,0,0
684,23.0,23.0,24.0,24.0,21.0,21.0,22.0,22.0,19.0,19.0,18.0,18.0,20.0,20.0,20.0,20.0
687,575.0,575.0,605.0,605.0,542.0,542.0,552.0,552.0,472.0,472.0,464.0,464.0,507.0,507.0,506.0,506.0
686,267.0,267.0,281.0,281.0,251.0,251.0,256.0,256.0,219.0,219.0,216.0,216.0,236.0,236.0,235.0,235.0
681,117.0,117.0,124.0,124.0,111.0,111.0,113.0,113.0,96.0,96.0,95.0,95.0,104.0,104.0,103.0,103.0
680,19.0,19.0,20.0,20.0,18.0,18.0,18.0,18.0,15.0,15.0,15.0,15.0,17.0,17.0,17.0,17.0
683,866.0,866.0,912.0,912.0,816.0,816.0,831.0,831.0,711.0,711.0,700.0,700.0,765.0,765.0,762.0,762.0
682,784.0,784.0,825.0,825.0,739.0,739.0,752.0,752.0,643.0,643.0,633.0,633.0,692.0,692.0,690.0,690.0
623,23.0,23.0,24.0,24.0,22.0,22.0,22.0,22.0,19.0,19.0,19.0,19.0,20.0,20.0,20.0,20.0
622,0,0,0,0,0,0,0,0,0,0,0,0,0,0,0,0
133,1166.0,1166.0,1198.0,1198.0,1126.0,1126.0,1147.0,1147.0,1030.0,1030.0,1014.0,1014.0,1081.0,1081.0,1078.0,1078.0
132,1652.0,1652.0,1697.0,1697.0,1595.0,1595.0,1624.0,1624.0,1459.0,1459.0,1436.0,1436.0,1531.0,1531.0,1527.0,1527.0
131,1724.0,1724.0,1771.0,1771.0,1665.0,1665.0,1695.0,1695.0,1523.0,1523.0,1499.0,1499.0,1598.0,1598.0,1594.0,1594.0
130,1838.0,1838.0,1889.0,1889.0,1775.0,1775.0,1808.0,1808.0,1624.0,1624.0,1598.0,1598.0,1704.0,1704.0,1700.0,1700.0
137,1183.0,1183.0,1216.0,1216.0,1143.0,1143.0,1164.0,1164.0,1046.0,1046.0,1029.0,1029.0,1097.0,1097.0,1094.0,1094.0
136,1235.0,1235.0,1269.0,1269.0,1193.0,1193.0,1215.0,1215.0,1091.0,1091.0,1074.0,1074.0,1145.0,1145.0,1142.0,1142.0
135,4663.0,4663.0,4791.0,4791.0,4503.0,4503.0,4585.0,4585.0,4120.0,4120.0,4054.0,4054.0,4323.0,4323.0,4311.0,4311.0
134,3071.0,3071.0,3155.0,3155.0,2966.0,2966.0,3020.0,3020.0,2713.0,2713.0,2670.0,2670.0,2847.0,2847.0,2839.0,2839.0
494,1400.0,1400.0,1384.0,1384.0,1406.0,1406.0,1432.0,1432.0,1390.0,1390.0,1368.0,1368.0,1403.0,1403.0,1399.0,1399.0
495,731.0,731.0,726.0,726.0,729.0,729.0,743.0,743.0,713.0,713.0,702.0,702.0,724.0,724.0,722.0,722.0
139,9423.0,9423.0,9683.0,9683.0,9101.0,9101.0,9266.0,9266.0,8326.0,8326.0,8193.0,8193.0,8737.0,8737.0,8713.0,8713.0
138,1305.0,1305.0,1341.0,1341.0,1260.0,1260.0,1284.0,1284.0,1153.0,1153.0,1135.0,1135.0,1210.0,1210.0,1207.0,1207.0
490,5048.0,5048.0,4990.0,4990.0,5069.0,5069.0,5162.0,5162.0,5012.0,5012.0,4933.0,4933.0,5060.0,5060.0,5046.0,5046.0
491,3100.0,3100.0,3064.0,3064.0,3112.0,3112.0,3169.0,3169.0,3078.0,3078.0,3029.0,3029.0,3107.0,3107.0,3098.0,3098.0
492,14999.0,14999.0,14824.0,14824.0,15061.0,15061.0,15334.0,15334.0,14891.0,14891.0,14653.0,14653.0,15032.0,15032.0,14990.0,14990.0
493,2157.0,2157.0,2131.0,2131.0,2165.0,2165.0,2205.0,2205.0,2140.0,2140.0,2107.0,2107.0,2161.0,2161.0,2156.0,2156.0
24,373.0,373.0,381.0,381.0,363.0,363.0,370.0,370.0,337.0,337.0,332.0,332.0,351.0,351.0,350.0,350.0
25,805.0,805.0,827.0,827.0,777.0,777.0,792.0,792.0,711.0,711.0,700.0,700.0,747.0,747.0,745.0,745.0
26,1125.0,1125.0,1156.0,1156.0,1087.0,1087.0,1107.0,1107.0,994.0,994.0,978.0,978.0,1043.0,1043.0,1040.0,1040.0
27,1554.0,1554.0,1597.0,1597.0,1501.0,1501.0,1528.0,1528.0,1373.0,1373.0,1351.0,1351.0,1441.0,1441.0,1437.0,1437.0
20,463.0,463.0,458.0,458.0,465.0,465.0,474.0,474.0,460.0,460.0,453.0,453.0,464.0,464.0,463.0,463.0
21,468.0,468.0,462.0,462.0,470.0,470.0,478.0,478.0,464.0,464.0,457.0,457.0,469.0,469.0,467.0,467.0
22,411.0,411.0,407.0,407.0,413.0,413.0,421.0,421.0,409.0,409.0,402.0,402.0,412.0,412.0,411.0,411.0
23,216.0,216.0,213.0,213.0,217.0,217.0,221.0,221.0,214.0,214.0,211.0,211.0,216.0,216.0,216.0,216.0
28,2303.0,2303.0,2367.0,2367.0,2225.0,2225.0,2265.0,2265.0,2035.0,2035.0,2003.0,2003.0,2136.0,2136.0,2130.0,2130.0
29,5757.0,5757.0,5915.0,5915.0,5560.0,5560.0,5661.0,5661.0,5086.0,5086.0,5005.0,5005.0,5338.0,5338.0,5323.0,5323.0
407,792.0,792.0,815.0,815.0,765.0,765.0,780.0,780.0,700.0,700.0,689.0,689.0,735.0,735.0,733.0,733.0
406,986.0,986.0,989.0,989.0,977.0,977.0,995.0,995.0,940.0,940.0,926.0,926.0,962.0,962.0,960.0,960.0
405,978.0,978.0,966.0,966.0,981.0,981.0,1000.0,1000.0,971.0,971.0,957.0,957.0,980.0,980.0,979.0,979.0
404,959.0,959.0,948.0,948.0,963.0,963.0,981.0,981.0,952.0,952.0,937.0,937.0,961.0,961.0,959.0,959.0
403,758.0,758.0,750.0,750.0,762.0,762.0,776.0,776.0,753.0,753.0,741.0,741.0,760.0,760.0,758.0,758.0
402,1204.0,1204.0,1190.0,1190.0,1209.0,1209.0,1231.0,1231.0,1195.0,1195.0,1176.0,1176.0,1206.0,1206.0,1203.0,1203.0
401,2210.0,2210.0,2184.0,2184.0,2219.0,2219.0,2259.0,2259.0,2193.0,2193.0,2158.0,2158.0,2214.0,2214.0,2208.0,2208.0
400,5592.0,5592.0,5527.0,5527.0,5615.0,5615.0,5717.0,5717.0,5552.0,5552.0,5463.0,5463.0,5604.0,5604.0,5589.0,5589.0
629,376.0,376.0,396.0,396.0,354.0,354.0,361.0,361.0,309.0,309.0,304.0,304.0,332.0,332.0,331.0,331.0
409,345.0,345.0,354.0,354.0,333.0,333.0,340.0,340.0,304.0,304.0,300.0,300.0,319.0,319.0,319.0,319.0
408,281.0,281.0,289.0,289.0,272.0,272.0,277.0,277.0,249.0,249.0,246.0,246.0,261.0,261.0,261.0,261.0
628,0,0,0,0,0,0,0,0,0,0,0,0,0,0,0,0
758,1659.0,1659.0,1747.0,1747.0,1564.0,1564.0,1592.0,1592.0,1362.0,1362.0,1341.0,1341.0,1465.0,1465.0,1461.0,1461.0
379,3981.0,3981.0,4091.0,4091.0,3845.0,3845.0,3915.0,3915.0,3517.0,3517.0,3461.0,3461.0,3691.0,3691.0,3681.0,3681.0
378,374.0,374.0,385.0,385.0,361.0,361.0,368.0,368.0,331.0,331.0,326.0,326.0,347.0,347.0,346.0,346.0
371,1118.0,1118.0,1109.0,1109.0,1120.0,1120.0,1142.0,1142.0,1103.0,1103.0,1086.0,1086.0,1116.0,1116.0,1113.0,1113.0
370,1892.0,1892.0,1870.0,1870.0,1900.0,1900.0,1935.0,1935.0,1878.0,1878.0,1849.0,1849.0,1896.0,1896.0,1891.0,1891.0
373,1757.0,1757.0,1805.0,1805.0,1698.0,1698.0,1730.0,1730.0,1553.0,1553.0,1530.0,1530.0,1630.0,1630.0,1626.0,1626.0
372,695.0,695.0,714.0,714.0,672.0,672.0,685.0,685.0,615.0,615.0,606.0,606.0,645.0,645.0,644.0,644.0
375,801.0,801.0,823.0,823.0,773.0,773.0,788.0,788.0,707.0,707.0,697.0,697.0,743.0,743.0,741.0,741.0
374,1381.0,1381.0,1419.0,1419.0,1334.0,1334.0,1359.0,1359.0,1220.0,1220.0,1201.0,1201.0,1280.0,1280.0,1277.0,1277.0
377,297.0,297.0,306.0,306.0,287.0,287.0,292.0,292.0,262.0,262.0,259.0,259.0,275.0,275.0,275.0,275.0
376,165.0,165.0,169.0,169.0,159.0,159.0,162.0,162.0,146.0,146.0,143.0,143.0,153.0,153.0,153.0,153.0
708,1413.0,1413.0,1488.0,1488.0,1332.0,1332.0,1356.0,1356.0,1161.0,1161.0,1142.0,1142.0,1248.0,1248.0,1245.0,1245.0
709,2176.0,2176.0,2291.0,2291.0,2051.0,2051.0,2088.0,2088.0,1787.0,1787.0,1758.0,1758.0,1922.0,1922.0,1916.0,1916.0
704,312.0,312.0,329.0,329.0,294.0,294.0,299.0,299.0,256.0,256.0,252.0,252.0,276.0,276.0,275.0,275.0
705,230.0,230.0,242.0,242.0,216.0,216.0,220.0,220.0,189.0,189.0,186.0,186.0,203.0,203.0,202.0,202.0
706,0,0,0,0,0,0,0,0,0,0,0,0,0,0,0,0
707,202.0,202.0,212.0,212.0,190.0,190.0,193.0,193.0,165.0,165.0,163.0,163.0,178.0,178.0,177.0,177.0
700,1005.0,1005.0,1058.0,1058.0,947.0,947.0,965.0,965.0,825.0,825.0,812.0,812.0,888.0,888.0,885.0,885.0
618,0,0,0,0,0,0,0,0,0,0,0,0,0,0,0,0
702,1874.0,1874.0,1973.0,1973.0,1766.0,1766.0,1798.0,1798.0,1539.0,1539.0,1514.0,1514.0,1655.0,1655.0,1650.0,1650.0
703,562.0,562.0,591.0,591.0,529.0,529.0,539.0,539.0,461.0,461.0,454.0,454.0,496.0,496.0,494.0,494.0
393,43216.0,43216.0,42712.0,42712.0,43394.0,43394.0,44182.0,44182.0,42907.0,42907.0,42221.0,42221.0,43311.0,43311.0,43190.0,43190.0
392,84908.0,84908.0,83919.0,83919.0,85258.0,85258.0,86804.0,86804.0,84300.0,84300.0,82951.0,82951.0,85093.0,85093.0,84856.0,84856.0
88,349.0,349.0,345.0,345.0,350.0,350.0,357.0,357.0,346.0,346.0,341.0,341.0,350.0,350.0,349.0,349.0
89,479.0,479.0,473.0,473.0,481.0,481.0,489.0,489.0,475.0,475.0,468.0,468.0,480.0,480.0,478.0,478.0
397,4118.0,4118.0,4070.0,4070.0,4135.0,4135.0,4210.0,4210.0,4088.0,4088.0,4023.0,4023.0,4127.0,4127.0,4115.0,4115.0
396,2965.0,2965.0,2930.0,2930.0,2977.0,2977.0,3031.0,3031.0,2943.0,2943.0,2896.0,2896.0,2971.0,2971.0,2963.0,2963.0
395,48312.0,48312.0,47750.0,47750.0,48512.0,48512.0,49391.0,49391.0,47966.0,47966.0,47199.0,47199.0,48418.0,48418.0,48282.0,48282.0
394,72724.0,72724.0,71877.0,71877.0,73024.0,73024.0,74347.0,74347.0,72203.0,72203.0,71048.0,71048.0,72883.0,72883.0,72679.0,72679.0
82,81.0,81.0,80.0,80.0,81.0,81.0,82.0,82.0,80.0,80.0,79.0,79.0,81.0,81.0,81.0,81.0
83,121.0,121.0,119.0,119.0,121.0,121.0,123.0,123.0,120.0,120.0,118.0,118.0,121.0,121.0,121.0,121.0
80,255.0,255.0,252.0,252.0,256.0,256.0,261.0,261.0,253.0,253.0,249.0,249.0,256.0,256.0,255.0,255.0
81,59.0,59.0,58.0,58.0,59.0,59.0,61.0,61.0,59.0,59.0,58.0,58.0,59.0,59.0,59.0,59.0
86,732.0,732.0,723.0,723.0,735.0,735.0,748.0,748.0,726.0,726.0,715.0,715.0,733.0,733.0,731.0,731.0
87,609.0,609.0,602.0,602.0,612.0,612.0,623.0,623.0,605.0,605.0,595.0,595.0,611.0,611.0,609.0,609.0
84,173.0,173.0,171.0,171.0,174.0,174.0,177.0,177.0,172.0,172.0,169.0,169.0,173.0,173.0,173.0,173.0
85,662.0,662.0,654.0,654.0,665.0,665.0,677.0,677.0,658.0,658.0,647.0,647.0,664.0,664.0,662.0,662.0
797,27152.0,27152.0,28588.0,28588.0,25592.0,25592.0,26056.0,26056.0,22297.0,22297.0,21940.0,21940.0,23977.0,23977.0,23910.0,23910.0
796,13964.0,13964.0,14703.0,14703.0,13162.0,13162.0,13401.0,13401.0,11468.0,11468.0,11284.0,11284.0,12332.0,12332.0,12297.0,12297.0
795,5986.0,5986.0,6303.0,6303.0,5642.0,5642.0,5745.0,5745.0,4916.0,4916.0,4837.0,4837.0,5286.0,5286.0,5272.0,5272.0
794,1461.0,1461.0,1538.0,1538.0,1377.0,1377.0,1402.0,1402.0,1200.0,1200.0,1181.0,1181.0,1290.0,1290.0,1287.0,1287.0
793,1220.0,1220.0,1284.0,1284.0,1149.0,1149.0,1170.0,1170.0,1001.0,1001.0,985.0,985.0,1077.0,1077.0,1074.0,1074.0
792,0,0,0,0,0,0,0,0,0,0,0,0,0,0,0,0
791,0,0,0,0,0,0,0,0,0,0,0,0,0,0,0,0
790,0,0,0,0,0,0,0,0,0,0,0,0,0,0,0,0
799,530.0,530.0,558.0,558.0,499.0,499.0,508.0,508.0,435.0,435.0,428.0,428.0,468.0,468.0,466.0,466.0
798,9889.0,9889.0,10412.0,10412.0,9321.0,9321.0,9490.0,9490.0,8121.0,8121.0,7991.0,7991.0,8732.0,8732.0,8708.0,8708.0
7,1307.0,1307.0,1292.0,1292.0,1312.0,1312.0,1336.0,1336.0,1297.0,1297.0,1277.0,1277.0,1310.0,1310.0,1306.0,1306.0
601,72.0,72.0,74.0,74.0,70.0,70.0,71.0,71.0,64.0,64.0,63.0,63.0,67.0,67.0,67.0,67.0
607,1899.0,1899.0,1952.0,1952.0,1834.0,1834.0,1868.0,1868.0,1678.0,1678.0,1651.0,1651.0,1761.0,1761.0,1756.0,1756.0
586,2466.0,2466.0,2534.0,2534.0,2382.0,2382.0,2425.0,2425.0,2179.0,2179.0,2144.0,2144.0,2287.0,2287.0,2280.0,2280.0
587,8789.0,8789.0,9031.0,9031.0,8489.0,8489.0,8643.0,8643.0,7766.0,7766.0,7642.0,7642.0,8150.0,8150.0,8127.0,8127.0
584,2330.0,2330.0,2394.0,2394.0,2250.0,2250.0,2291.0,2291.0,2058.0,2058.0,2025.0,2025.0,2160.0,2160.0,2154.0,2154.0
585,1212.0,1212.0,1245.0,1245.0,1170.0,1170.0,1192.0,1192.0,1071.0,1071.0,1054.0,1054.0,1123.0,1123.0,1120.0,1120.0
582,6105.0,6105.0,6273.0,6273.0,5896.0,5896.0,6004.0,6004.0,5394.0,5394.0,5309.0,5309.0,5661.0,5661.0,5646.0,5646.0
583,5849.0,5849.0,6011.0,6011.0,5650.0,5650.0,5753.0,5753.0,5168.0,5168.0,5086.0,5086.0,5424.0,5424.0,5409.0,5409.0
580,958.0,958.0,984.0,984.0,925.0,925.0,942.0,942.0,846.0,846.0,833.0,833.0,888.0,888.0,886.0,886.0
581,0,0,0,0,0,0,0,0,0,0,0,0,0,0,0,0
588,0,0,0,0,0,0,0,0,0,0,0,0,0,0,0,0
589,5422.0,5422.0,5572.0,5572.0,5237.0,5237.0,5332.0,5332.0,4791.0,4791.0,4715.0,4715.0,5028.0,5028.0,5014.0,5014.0
245,516.0,516.0,510.0,510.0,518.0,518.0,527.0,527.0,512.0,512.0,504.0,504.0,517.0,517.0,516.0,516.0
244,19786.0,19786.0,20330.0,20330.0,19110.0,19110.0,19456.0,19456.0,17482.0,17482.0,17202.0,17202.0,18346.0,18346.0,18295.0,18295.0
247,2484.0,2484.0,2455.0,2455.0,2495.0,2495.0,2540.0,2540.0,2467.0,2467.0,2427.0,2427.0,2490.0,2490.0,2483.0,2483.0
246,403.0,403.0,398.0,398.0,404.0,404.0,412.0,412.0,400.0,400.0,394.0,394.0,404.0,404.0,403.0,403.0
241,20753.0,20753.0,21324.0,21324.0,20044.0,20044.0,20407.0,20407.0,18336.0,18336.0,18043.0,18043.0,19243.0,19243.0,19189.0,19189.0
240,8122.0,8122.0,8346.0,8346.0,7845.0,7845.0,7987.0,7987.0,7177.0,7177.0,7062.0,7062.0,7532.0,7532.0,7511.0,7511.0
243,23972.0,23972.0,24632.0,24632.0,23153.0,23153.0,23573.0,23573.0,21181.0,21181.0,20842.0,20842.0,22228.0,22228.0,22165.0,22165.0
242,22660.0,22660.0,23284.0,23284.0,21886.0,21886.0,22283.0,22283.0,20022.0,20022.0,19702.0,19702.0,21011.0,21011.0,20953.0,20953.0
615,1086.0,1086.0,1116.0,1116.0,1049.0,1049.0,1068.0,1068.0,959.0,959.0,944.0,944.0,1007.0,1007.0,1004.0,1004.0
249,14652.0,14652.0,14482.0,14482.0,14712.0,14712.0,14979.0,14979.0,14547.0,14547.0,14315.0,14315.0,14684.0,14684.0,14643.0,14643.0
248,5157.0,5157.0,5097.0,5097.0,5178.0,5178.0,5272.0,5272.0,5120.0,5120.0,5038.0,5038.0,5168.0,5168.0,5154.0,5154.0
519,2282.0,2282.0,2256.0,2256.0,2291.0,2291.0,2333.0,2333.0,2263.0,2263.0,2228.0,2228.0,2285.0,2285.0,2280.0,2280.0
518,7813.0,7813.0,7721.0,7721.0,7846.0,7846.0,7990.0,7990.0,7757.0,7757.0,7636.0,7636.0,7830.0,7830.0,7811.0,7811.0
511,0,0,0,0,0,0,0,0,0,0,0,0,0,0,0,0
510,0,0,0,0,0,0,0,0,0,0,0,0,0,0,0,0
513,0,0,0,0,0,0,0,0,0,0,0,0,0,0,0,0
512,0,0,0,0,0,0,0,0,0,0,0,0,0,0,0,0
515,813.0,813.0,803.0,803.0,816.0,816.0,831.0,831.0,807.0,807.0,794.0,794.0,815.0,815.0,812.0,812.0
514,0,0,0,0,0,0,0,0,0,0,0,0,0,0,0,0
517,16913.0,16913.0,16716.0,16716.0,16983.0,16983.0,17291.0,17291.0,16791.0,16791.0,16523.0,16523.0,16949.0,16949.0,16903.0,16903.0
516,7379.0,7379.0,7293.0,7293.0,7409.0,7409.0,7544.0,7544.0,7326.0,7326.0,7209.0,7209.0,7395.0,7395.0,7374.0,7374.0
458,0,0,0,0,0,0,0,0,0,0,0,0,0,0,0,0
459,3662.0,3662.0,3619.0,3619.0,3677.0,3677.0,3743.0,3743.0,3635.0,3635.0,3577.0,3577.0,3670.0,3670.0,3659.0,3659.0
621,0,0,0,0,0,0,0,0,0,0,0,0,0,0,0,0
620,0,0,0,0,0,0,0,0,0,0,0,0,0,0,0,0
627,0,0,0,0,0,0,0,0,0,0,0,0,0,0,0,0
626,0,0,0,0,0,0,0,0,0,0,0,0,0,0,0,0
625,59.0,59.0,63.0,63.0,56.0,56.0,57.0,57.0,49.0,49.0,48.0,48.0,52.0,52.0,52.0,52.0
624,10.0,10.0,11.0,11.0,10.0,10.0,10.0,10.0,8.0,8.0,8.0,8.0,9.0,9.0,9.0,9.0
450,6873.0,6873.0,6793.0,6793.0,6902.0,6902.0,7027.0,7027.0,6824.0,6824.0,6715.0,6715.0,6888.0,6888.0,6869.0,6869.0
451,6885.0,6885.0,6805.0,6805.0,6913.0,6913.0,7039.0,7039.0,6835.0,6835.0,6726.0,6726.0,6900.0,6900.0,6881.0,6881.0
452,6096.0,6096.0,6025.0,6025.0,6121.0,6121.0,6233.0,6233.0,6053.0,6053.0,5956.0,5956.0,6110.0,6110.0,6093.0,6093.0
453,2109.0,2109.0,2084.0,2084.0,2118.0,2118.0,2156.0,2156.0,2094.0,2094.0,2060.0,2060.0,2114.0,2114.0,2108.0,2108.0
454,0,0,0,0,0,0,0,0,0,0,0,0,0,0,0,0
455,0,0,0,0,0,0,0,0,0,0,0,0,0,0,0,0
456,0,0,0,0,0,0,0,0,0,0,0,0,0,0,0,0
457,0,0,0,0,0,0,0,0,0,0,0,0,0,0,0,0
179,2813.0,2813.0,2780.0,2780.0,2825.0,2825.0,2876.0,2876.0,2793.0,2793.0,2748.0,2748.0,2819.0,2819.0,2811.0,2811.0
178,3471.0,3471.0,3430.0,3430.0,3485.0,3485.0,3548.0,3548.0,3446.0,3446.0,3391.0,3391.0,3478.0,3478.0,3469.0,3469.0
177,1218.0,1218.0,1203.0,1203.0,1222.0,1222.0,1245.0,1245.0,1209.0,1209.0,1189.0,1189.0,1220.0,1220.0,1217.0,1217.0
176,1211.0,1211.0,1197.0,1197.0,1216.0,1216.0,1238.0,1238.0,1203.0,1203.0,1183.0,1183.0,1214.0,1214.0,1211.0,1211.0
175,1084.0,1084.0,1072.0,1072.0,1087.0,1087.0,1107.0,1107.0,1073.0,1073.0,1056.0,1056.0,1084.0,1084.0,1081.0,1081.0
174,10109.0,10109.0,10387.0,10387.0,9763.0,9763.0,9940.0,9940.0,8932.0,8932.0,8789.0,8789.0,9373.0,9373.0,9347.0,9347.0
173,12087.0,12087.0,12420.0,12420.0,11674.0,11674.0,11886.0,11886.0,10680.0,10680.0,10509.0,10509.0,11207.0,11207.0,11176.0,11176.0
172,7849.0,7849.0,8066.0,8066.0,7581.0,7581.0,7719.0,7719.0,6935.0,6935.0,6825.0,6825.0,7278.0,7278.0,7258.0,7258.0
171,1063.0,1063.0,1092.0,1092.0,1026.0,1026.0,1045.0,1045.0,939.0,939.0,924.0,924.0,985.0,985.0,983.0,983.0
170,1722.0,1722.0,1769.0,1769.0,1663.0,1663.0,1693.0,1693.0,1521.0,1521.0,1497.0,1497.0,1596.0,1596.0,1592.0,1592.0
656,0,0,0,0,0,0,0,0,0,0,0,0,0,0,0,0
657,0,0,0,0,0,0,0,0,0,0,0,0,0,0,0,0
654,5.0,5.0,5.0,5.0,5.0,5.0,5.0,5.0,4.0,4.0,4.0,4.0,4.0,4.0,4.0,4.0
253,9774.0,9774.0,9660.0,9660.0,9815.0,9815.0,9993.0,9993.0,9704.0,9704.0,9549.0,9549.0,9796.0,9796.0,9768.0,9768.0
182,5083.0,5083.0,5023.0,5023.0,5104.0,5104.0,5196.0,5196.0,5046.0,5046.0,4966.0,4966.0,5094.0,5094.0,5080.0,5080.0
183,3815.0,3815.0,3771.0,3771.0,3831.0,3831.0,3901.0,3901.0,3788.0,3788.0,3728.0,3728.0,3824.0,3824.0,3813.0,3813.0
180,2630.0,2630.0,2599.0,2599.0,2641.0,2641.0,2689.0,2689.0,2611.0,2611.0,2569.0,2569.0,2635.0,2635.0,2628.0,2628.0
181,1312.0,1312.0,1297.0,1297.0,1318.0,1318.0,1342.0,1342.0,1303.0,1303.0,1282.0,1282.0,1315.0,1315.0,1311.0,1311.0
186,891.0,891.0,880.0,880.0,895.0,895.0,911.0,911.0,885.0,885.0,871.0,871.0,893.0,893.0,891.0,891.0
187,1642.0,1642.0,1623.0,1623.0,1649.0,1649.0,1679.0,1679.0,1630.0,1630.0,1604.0,1604.0,1645.0,1645.0,1641.0,1641.0
184,1175.0,1175.0,1161.0,1161.0,1180.0,1180.0,1202.0,1202.0,1167.0,1167.0,1148.0,1148.0,1178.0,1178.0,1175.0,1175.0
185,1263.0,1263.0,1248.0,1248.0,1268.0,1268.0,1291.0,1291.0,1254.0,1254.0,1234.0,1234.0,1266.0,1266.0,1263.0,1263.0
652,1533.0,1533.0,1614.0,1614.0,1445.0,1445.0,1471.0,1471.0,1259.0,1259.0,1239.0,1239.0,1354.0,1354.0,1350.0,1350.0
188,1175.0,1175.0,1161.0,1161.0,1180.0,1180.0,1202.0,1202.0,1167.0,1167.0,1148.0,1148.0,1178.0,1178.0,1175.0,1175.0
189,3665.0,3665.0,3623.0,3623.0,3680.0,3680.0,3747.0,3747.0,3639.0,3639.0,3581.0,3581.0,3673.0,3673.0,3663.0,3663.0
658,0,0,0,0,0,0,0,0,0,0,0,0,0,0,0,0
653,548.0,548.0,577.0,577.0,516.0,516.0,526.0,526.0,450.0,450.0,443.0,443.0,484.0,484.0,482.0,482.0
650,2034.0,2034.0,2142.0,2142.0,1918.0,1918.0,1952.0,1952.0,1671.0,1671.0,1644.0,1644.0,1796.0,1796.0,1791.0,1791.0
651,1773.0,1773.0,1867.0,1867.0,1671.0,1671.0,1701.0,1701.0,1456.0,1456.0,1433.0,1433.0,1566.0,1566.0,1561.0,1561.0
764,1013.0,1013.0,1067.0,1067.0,955.0,955.0,972.0,972.0,832.0,832.0,819.0,819.0,895.0,895.0,892.0,892.0
11,66.0,66.0,65.0,65.0,66.0,66.0,68.0,68.0,66.0,66.0,65.0,65.0,66.0,66.0,66.0,66.0
10,187.0,187.0,185.0,185.0,188.0,188.0,191.0,191.0,186.0,186.0,183.0,183.0,187.0,187.0,187.0,187.0
13,93.0,93.0,92.0,92.0,93.0,93.0,95.0,95.0,92.0,92.0,91.0,91.0,93.0,93.0,93.0,93.0
12,92.0,92.0,91.0,91.0,92.0,92.0,94.0,94.0,91.0,91.0,90.0,90.0,92.0,92.0,92.0,92.0
15,82.0,82.0,81.0,81.0,82.0,82.0,84.0,84.0,82.0,82.0,80.0,80.0,82.0,82.0,82.0,82.0
14,79.0,79.0,78.0,78.0,79.0,79.0,80.0,80.0,78.0,78.0,77.0,77.0,79.0,79.0,79.0,79.0
17,482.0,482.0,476.0,476.0,484.0,484.0,493.0,493.0,478.0,478.0,471.0,471.0,483.0,483.0,482.0,482.0
16,203.0,203.0,201.0,201.0,204.0,204.0,208.0,208.0,202.0,202.0,199.0,199.0,204.0,204.0,203.0,203.0
19,349.0,349.0,345.0,345.0,351.0,351.0,357.0,357.0,347.0,347.0,341.0,341.0,350.0,350.0,349.0,349.0
18,349.0,349.0,345.0,345.0,350.0,350.0,357.0,357.0,346.0,346.0,341.0,341.0,350.0,350.0,349.0,349.0
659,0,0,0,0,0,0,0,0,0,0,0,0,0,0,0,0
753,3680.0,3680.0,3874.0,3874.0,3468.0,3468.0,3531.0,3531.0,3022.0,3022.0,2973.0,2973.0,3250.0,3250.0,3240.0,3240.0
752,4208.0,4208.0,4431.0,4431.0,3966.0,3966.0,4038.0,4038.0,3456.0,3456.0,3400.0,3400.0,3716.0,3716.0,3706.0,3706.0
62,627.0,627.0,644.0,644.0,605.0,605.0,616.0,616.0,554.0,554.0,545.0,545.0,581.0,581.0,579.0,579.0
756,387.0,387.0,408.0,408.0,364.0,364.0,371.0,371.0,317.0,317.0,313.0,313.0,342.0,342.0,341.0,341.0
322,42854.0,42854.0,42355.0,42355.0,43032.0,43032.0,43812.0,43812.0,42547.0,42547.0,41868.0,41868.0,42947.0,42947.0,42829.0,42829.0
323,19322.0,19322.0,19098.0,19098.0,19402.0,19402.0,19755.0,19755.0,19183.0,19183.0,18878.0,18878.0,19364.0,19364.0,19311.0,19311.0
320,31883.0,31883.0,31512.0,31512.0,32015.0,32015.0,32596.0,32596.0,31655.0,31655.0,31149.0,31149.0,31953.0,31953.0,31864.0,31864.0
321,67799.0,67799.0,67008.0,67008.0,68078.0,68078.0,69312.0,69312.0,67312.0,67312.0,66236.0,66236.0,67946.0,67946.0,67757.0,67757.0
326,9082.0,9082.0,8976.0,8976.0,9120.0,9120.0,9285.0,9285.0,9017.0,9017.0,8873.0,8873.0,9102.0,9102.0,9077.0,9077.0
327,9353.0,9353.0,9244.0,9244.0,9392.0,9392.0,9562.0,9562.0,9286.0,9286.0,9137.0,9137.0,9373.0,9373.0,9347.0,9347.0
324,7353.0,7353.0,7267.0,7267.0,7384.0,7384.0,7518.0,7518.0,7300.0,7300.0,7184.0,7184.0,7369.0,7369.0,7349.0,7349.0
325,5775.0,5775.0,5707.0,5707.0,5799.0,5799.0,5904.0,5904.0,5734.0,5734.0,5642.0,5642.0,5787.0,5787.0,5771.0,5771.0
328,8646.0,8646.0,8545.0,8545.0,8681.0,8681.0,8839.0,8839.0,8584.0,8584.0,8447.0,8447.0,8665.0,8665.0,8641.0,8641.0
329,5770.0,5770.0,5703.0,5703.0,5794.0,5794.0,5899.0,5899.0,5729.0,5729.0,5637.0,5637.0,5783.0,5783.0,5767.0,5767.0
759,4208.0,4208.0,4431.0,4431.0,3966.0,3966.0,4038.0,4038.0,3456.0,3456.0,3400.0,3400.0,3716.0,3716.0,3706.0,3706.0
201,5307.0,5307.0,5453.0,5453.0,5126.0,5126.0,5219.0,5219.0,4689.0,4689.0,4614.0,4614.0,4921.0,4921.0,4908.0,4908.0
200,5456.0,5456.0,5597.0,5597.0,5278.0,5278.0,5374.0,5374.0,4845.0,4845.0,4767.0,4767.0,5075.0,5075.0,5061.0,5061.0
203,780.0,780.0,801.0,801.0,753.0,753.0,767.0,767.0,689.0,689.0,678.0,678.0,723.0,723.0,721.0,721.0
202,4303.0,4303.0,4421.0,4421.0,4156.0,4156.0,4231.0,4231.0,3802.0,3802.0,3741.0,3741.0,3989.0,3989.0,3978.0,3978.0
205,4425.0,4425.0,4546.0,4546.0,4274.0,4274.0,4351.0,4351.0,3909.0,3909.0,3847.0,3847.0,4103.0,4103.0,4091.0,4091.0
204,300.0,300.0,308.0,308.0,289.0,289.0,295.0,295.0,265.0,265.0,261.0,261.0,278.0,278.0,277.0,277.0
207,16248.0,16248.0,16695.0,16695.0,15693.0,15693.0,15977.0,15977.0,14356.0,14356.0,14126.0,14126.0,15065.0,15065.0,15023.0,15023.0
206,11634.0,11634.0,11954.0,11954.0,11236.0,11236.0,11440.0,11440.0,10279.0,10279.0,10115.0,10115.0,10787.0,10787.0,10757.0,10757.0
209,12542.0,12542.0,12887.0,12887.0,12113.0,12113.0,12333.0,12333.0,11081.0,11081.0,10904.0,10904.0,11629.0,11629.0,11597.0,11597.0
208,23246.0,23246.0,23886.0,23886.0,22452.0,22452.0,22859.0,22859.0,20539.0,20539.0,20211.0,20211.0,21554.0,21554.0,21494.0,21494.0
779,834.0,834.0,878.0,878.0,786.0,786.0,800.0,800.0,684.0,684.0,674.0,674.0,736.0,736.0,734.0,734.0
778,727.0,727.0,765.0,765.0,685.0,685.0,698.0,698.0,596.0,596.0,587.0,587.0,642.0,642.0,640.0,640.0
77,1023.0,1023.0,1011.0,1011.0,1028.0,1028.0,1046.0,1046.0,1016.0,1016.0,1000.0,1000.0,1025.0,1025.0,1023.0,1023.0
76,982.0,982.0,970.0,970.0,986.0,986.0,1004.0,1004.0,975.0,975.0,959.0,959.0,984.0,984.0,981.0,981.0
75,1467.0,1467.0,1450.0,1450.0,1473.0,1473.0,1500.0,1500.0,1456.0,1456.0,1433.0,1433.0,1470.0,1470.0,1466.0,1466.0
74,746.0,746.0,737.0,737.0,749.0,749.0,763.0,763.0,740.0,740.0,729.0,729.0,747.0,747.0,745.0,745.0
73,596.0,596.0,588.0,588.0,598.0,598.0,609.0,609.0,591.0,591.0,582.0,582.0,597.0,597.0,595.0,595.0
72,711.0,711.0,703.0,703.0,714.0,714.0,727.0,727.0,706.0,706.0,695.0,695.0,713.0,713.0,711.0,711.0
71,955.0,955.0,944.0,944.0,958.0,958.0,976.0,976.0,948.0,948.0,933.0,933.0,957.0,957.0,954.0,954.0
70,1035.0,1035.0,1023.0,1023.0,1040.0,1040.0,1059.0,1059.0,1028.0,1028.0,1011.0,1011.0,1038.0,1038.0,1035.0,1035.0
655,0,0,0,0,0,0,0,0,0,0,0,0,0,0,0,0
79,881.0,881.0,870.0,870.0,884.0,884.0,901.0,901.0,874.0,874.0,861.0,861.0,883.0,883.0,880.0,880.0
78,838.0,838.0,828.0,828.0,842.0,842.0,857.0,857.0,832.0,832.0,819.0,819.0,840.0,840.0,838.0,838.0
2,300.0,300.0,297.0,297.0,301.0,301.0,307.0,307.0,298.0,298.0,293.0,293.0,301.0,301.0,300.0,300.0
669,383.0,383.0,403.0,403.0,361.0,361.0,368.0,368.0,314.0,314.0,309.0,309.0,338.0,338.0,337.0,337.0
668,0.0,0.0,0.0,0.0,0.0,0.0,0.0,0.0,0.0,0.0,0.0,0.0,0.0,0.0,0.0,0.0
667,14.0,14.0,15.0,15.0,13.0,13.0,13.0,13.0,11.0,11.0,11.0,11.0,12.0,12.0,12.0,12.0
666,961.0,961.0,1012.0,1012.0,906.0,906.0,922.0,922.0,789.0,789.0,777.0,777.0,849.0,849.0,846.0,846.0
665,10589.0,10589.0,11150.0,11150.0,9981.0,9981.0,10162.0,10162.0,8696.0,8696.0,8557.0,8557.0,9351.0,9351.0,9325.0,9325.0
664,10151.0,10151.0,10688.0,10688.0,9568.0,9568.0,9742.0,9742.0,8336.0,8336.0,8203.0,8203.0,8964.0,8964.0,8939.0,8939.0
663,2076.0,2076.0,2185.0,2185.0,1956.0,1956.0,1992.0,1992.0,1704.0,1704.0,1677.0,1677.0,1833.0,1833.0,1828.0,1828.0
662,2027.0,2027.0,2135.0,2135.0,1911.0,1911.0,1945.0,1945.0,1665.0,1665.0,1638.0,1638.0,1790.0,1790.0,1785.0,1785.0
661,1050.0,1050.0,1105.0,1105.0,989.0,989.0,1007.0,1007.0,862.0,862.0,848.0,848.0,927.0,927.0,924.0,924.0
660,0,0,0,0,0,0,0,0,0,0,0,0,0,0,0,0
769,0,0,0,0,0,0,0,0,0,0,0,0,0,0,0,0
692,0,0,0,0,0,0,0,0,0,0,0,0,0,0,0,0
693,30.0,30.0,32.0,32.0,28.0,28.0,29.0,29.0,24.0,24.0,24.0,24.0,26.0,26.0,26.0,26.0
690,2151.0,2151.0,2265.0,2265.0,2028.0,2028.0,2065.0,2065.0,1767.0,1767.0,1738.0,1738.0,1900.0,1900.0,1894.0,1894.0
691,54.0,54.0,57.0,57.0,51.0,51.0,52.0,52.0,44.0,44.0,44.0,44.0,48.0,48.0,48.0,48.0
696,576.0,576.0,607.0,607.0,543.0,543.0,553.0,553.0,473.0,473.0,465.0,465.0,509.0,509.0,507.0,507.0
694,5.0,5.0,5.0,5.0,4.0,4.0,5.0,5.0,4.0,4.0,4.0,4.0,4.0,4.0,4.0,4.0
695,170.0,170.0,179.0,179.0,160.0,160.0,163.0,163.0,139.0,139.0,137.0,137.0,150.0,150.0,150.0,150.0
699,400.0,400.0,421.0,421.0,377.0,377.0,384.0,384.0,328.0,328.0,323.0,323.0,353.0,353.0,352.0,352.0
542,2058.0,2058.0,2115.0,2115.0,1988.0,1988.0,2024.0,2024.0,1818.0,1818.0,1790.0,1790.0,1908.0,1908.0,1903.0,1903.0
543,3665.0,3665.0,3765.0,3765.0,3540.0,3540.0,3604.0,3604.0,3238.0,3238.0,3186.0,3186.0,3398.0,3398.0,3389.0,3389.0
540,312.0,312.0,320.0,320.0,301.0,301.0,306.0,306.0,275.0,275.0,271.0,271.0,289.0,289.0,288.0,288.0
541,854.0,854.0,878.0,878.0,825.0,825.0,841.0,841.0,755.0,755.0,743.0,743.0,792.0,792.0,791.0,791.0
546,0,0,0,0,0,0,0,0,0,0,0,0,0,0,0,0
547,7.0,7.0,7.0,7.0,7.0,7.0,7.0,7.0,7.0,7.0,7.0,7.0,7.0,7.0,7.0,7.0
544,19390.0,19390.0,19924.0,19924.0,18728.0,18728.0,19067.0,19067.0,17132.0,17132.0,16858.0,16858.0,17979.0,17979.0,17929.0,17929.0
545,4561.0,4561.0,4686.0,4686.0,4405.0,4405.0,4485.0,4485.0,4030.0,4030.0,3965.0,3965.0,4229.0,4229.0,4217.0,4217.0
8,511.0,511.0,505.0,505.0,513.0,513.0,522.0,522.0,507.0,507.0,499.0,499.0,512.0,512.0,511.0,511.0
548,3606.0,3606.0,3564.0,3564.0,3621.0,3621.0,3687.0,3687.0,3580.0,3580.0,3523.0,3523.0,3614.0,3614.0,3604.0,3604.0
549,5662.0,5662.0,5598.0,5598.0,5683.0,5683.0,5786.0,5786.0,5615.0,5615.0,5526.0,5526.0,5670.0,5670.0,5654.0,5654.0
68,4490.0,4490.0,4613.0,4613.0,4336.0,4336.0,4415.0,4415.0,3967.0,3967.0,3904.0,3904.0,4163.0,4163.0,4151.0,4151.0
598,6033.0,6033.0,6199.0,6199.0,5827.0,5827.0,5932.0,5932.0,5330.0,5330.0,5245.0,5245.0,5594.0,5594.0,5578.0,5578.0
120,913.0,913.0,903.0,903.0,917.0,917.0,934.0,934.0,907.0,907.0,893.0,893.0,915.0,915.0,913.0,913.0
121,728.0,728.0,720.0,720.0,731.0,731.0,744.0,744.0,723.0,723.0,711.0,711.0,729.0,729.0,728.0,728.0
122,1186.0,1186.0,1172.0,1172.0,1191.0,1191.0,1213.0,1213.0,1177.0,1177.0,1159.0,1159.0,1189.0,1189.0,1186.0,1186.0
123,359.0,359.0,355.0,355.0,361.0,361.0,367.0,367.0,357.0,357.0,351.0,351.0,360.0,360.0,359.0,359.0
124,643.0,643.0,636.0,636.0,646.0,646.0,658.0,658.0,639.0,639.0,629.0,629.0,645.0,645.0,643.0,643.0
125,823.0,823.0,814.0,814.0,826.0,826.0,842.0,842.0,817.0,817.0,804.0,804.0,825.0,825.0,823.0,823.0
126,2196.0,2196.0,2170.0,2170.0,2205.0,2205.0,2245.0,2245.0,2180.0,2180.0,2145.0,2145.0,2200.0,2200.0,2194.0,2194.0
127,4245.0,4245.0,4196.0,4196.0,4263.0,4263.0,4340.0,4340.0,4215.0,4215.0,4148.0,4148.0,4255.0,4255.0,4243.0,4243.0
128,3498.0,3498.0,3457.0,3457.0,3513.0,3513.0,3576.0,3576.0,3473.0,3473.0,3418.0,3418.0,3506.0,3506.0,3496.0,3496.0
129,1781.0,1781.0,1819.0,1819.0,1730.0,1730.0,1762.0,1762.0,1603.0,1603.0,1578.0,1578.0,1672.0,1672.0,1667.0,1667.0
765,4029.0,4029.0,4242.0,4242.0,3798.0,3798.0,3867.0,3867.0,3309.0,3309.0,3256.0,3256.0,3559.0,3559.0,3549.0,3549.0
414,708.0,708.0,727.0,727.0,683.0,683.0,696.0,696.0,625.0,625.0,615.0,615.0,656.0,656.0,654.0,654.0
415,4678.0,4678.0,4806.0,4806.0,4518.0,4518.0,4600.0,4600.0,4133.0,4133.0,4067.0,4067.0,4337.0,4337.0,4325.0,4325.0
416,1036.0,1036.0,1065.0,1065.0,1001.0,1001.0,1019.0,1019.0,915.0,915.0,901.0,901.0,961.0,961.0,958.0,958.0
417,5171.0,5171.0,5111.0,5111.0,5193.0,5193.0,5287.0,5287.0,5134.0,5134.0,5052.0,5052.0,5183.0,5183.0,5168.0,5168.0
410,235.0,235.0,242.0,242.0,227.0,227.0,232.0,232.0,208.0,208.0,205.0,205.0,218.0,218.0,218.0,218.0
411,149.0,149.0,154.0,154.0,144.0,144.0,147.0,147.0,132.0,132.0,130.0,130.0,138.0,138.0,138.0,138.0
412,191.0,191.0,196.0,196.0,184.0,184.0,188.0,188.0,169.0,169.0,166.0,166.0,177.0,177.0,177.0,177.0
413,175.0,175.0,180.0,180.0,169.0,169.0,172.0,172.0,155.0,155.0,152.0,152.0,162.0,162.0,162.0,162.0
498,154.0,154.0,158.0,158.0,148.0,148.0,152.0,152.0,137.0,137.0,135.0,135.0,143.0,143.0,143.0,143.0
418,5019.0,5019.0,4960.0,4960.0,5040.0,5040.0,5132.0,5132.0,4983.0,4983.0,4904.0,4904.0,5030.0,5030.0,5017.0,5017.0
419,7703.0,7703.0,7613.0,7613.0,7735.0,7735.0,7875.0,7875.0,7648.0,7648.0,7526.0,7526.0,7720.0,7720.0,7699.0,7699.0
776,195.0,195.0,205.0,205.0,184.0,184.0,187.0,187.0,160.0,160.0,157.0,157.0,172.0,172.0,172.0,172.0
499,229.0,229.0,235.0,235.0,221.0,221.0,226.0,226.0,202.0,202.0,200.0,200.0,212.0,212.0,212.0,212.0
319,14589.0,14589.0,14419.0,14419.0,14649.0,14649.0,14915.0,14915.0,14484.0,14484.0,14253.0,14253.0,14621.0,14621.0,14580.0,14580.0
318,3137.0,3137.0,3100.0,3100.0,3150.0,3150.0,3207.0,3207.0,3115.0,3115.0,3065.0,3065.0,3144.0,3144.0,3135.0,3135.0
313,17890.0,17890.0,18383.0,18383.0,17279.0,17279.0,17593.0,17593.0,15807.0,15807.0,15555.0,15555.0,16589.0,16589.0,16542.0,16542.0
312,17608.0,17608.0,18092.0,18092.0,17006.0,17006.0,17315.0,17315.0,15558.0,15558.0,15309.0,15309.0,16327.0,16327.0,16281.0,16281.0
311,6605.0,6605.0,6787.0,6787.0,6380.0,6380.0,6495.0,6495.0,5836.0,5836.0,5743.0,5743.0,6124.0,6124.0,6107.0,6107.0
310,15287.0,15287.0,15708.0,15708.0,14765.0,14765.0,15033.0,15033.0,13507.0,13507.0,13291.0,13291.0,14175.0,14175.0,14135.0,14135.0
317,1413.0,1413.0,1396.0,1396.0,1418.0,1418.0,1445.0,1445.0,1403.0,1403.0,1380.0,1380.0,1416.0,1416.0,1412.0,1412.0
316,600.0,600.0,593.0,593.0,602.0,602.0,614.0,614.0,596.0,596.0,586.0,586.0,601.0,601.0,600.0,600.0
315,958.0,958.0,957.0,957.0,951.0,951.0,969.0,969.0,920.0,920.0,906.0,906.0,939.0,939.0,937.0,937.0
314,37.0,37.0,38.0,38.0,36.0,36.0,37.0,37.0,33.0,33.0,32.0,32.0,34.0,34.0,34.0,34.0
496,178.0,178.0,183.0,183.0,172.0,172.0,175.0,175.0,157.0,157.0,155.0,155.0,165.0,165.0,165.0,165.0
497,98.0,98.0,100.0,100.0,94.0,94.0,96.0,96.0,86.0,86.0,85.0,85.0,91.0,91.0,90.0,90.0
3,145.0,145.0,143.0,143.0,145.0,145.0,148.0,148.0,144.0,144.0,142.0,142.0,145.0,145.0,145.0,145.0
725,0,0,0,0,0,0,0,0,0,0,0,0,0,0,0,0
368,1260.0,1260.0,1245.0,1245.0,1265.0,1265.0,1288.0,1288.0,1251.0,1251.0,1231.0,1231.0,1262.0,1262.0,1259.0,1259.0
369,1016.0,1016.0,1004.0,1004.0,1020.0,1020.0,1039.0,1039.0,1009.0,1009.0,993.0,993.0,1018.0,1018.0,1016.0,1016.0
366,5095.0,5095.0,5036.0,5036.0,5116.0,5116.0,5209.0,5209.0,5059.0,5059.0,4978.0,4978.0,5107.0,5107.0,5092.0,5092.0
367,1224.0,1224.0,1209.0,1209.0,1229.0,1229.0,1251.0,1251.0,1215.0,1215.0,1196.0,1196.0,1226.0,1226.0,1223.0,1223.0
364,5689.0,5689.0,5622.0,5622.0,5712.0,5712.0,5816.0,5816.0,5648.0,5648.0,5557.0,5557.0,5701.0,5701.0,5685.0,5685.0
365,5527.0,5527.0,5462.0,5462.0,5550.0,5550.0,5650.0,5650.0,5487.0,5487.0,5400.0,5400.0,5539.0,5539.0,5523.0,5523.0
362,6859.0,6859.0,6779.0,6779.0,6887.0,6887.0,7012.0,7012.0,6810.0,6810.0,6701.0,6701.0,6874.0,6874.0,6855.0,6855.0
363,5061.0,5061.0,5002.0,5002.0,5081.0,5081.0,5174.0,5174.0,5024.0,5024.0,4944.0,4944.0,5071.0,5071.0,5058.0,5058.0
360,22642.0,22642.0,22379.0,22379.0,22736.0,22736.0,23148.0,23148.0,22480.0,22480.0,22121.0,22121.0,22692.0,22692.0,22629.0,22629.0
361,4471.0,4471.0,4419.0,4419.0,4489.0,4489.0,4571.0,4571.0,4439.0,4439.0,4368.0,4368.0,4481.0,4481.0,4469.0,4469.0
380,3943.0,3943.0,4051.0,4051.0,3808.0,3808.0,3877.0,3877.0,3484.0,3484.0,3428.0,3428.0,3656.0,3656.0,3646.0,3646.0
381,5842.0,5842.0,6002.0,6002.0,5642.0,5642.0,5745.0,5745.0,5161.0,5161.0,5079.0,5079.0,5417.0,5417.0,5402.0,5402.0
382,3496.0,3496.0,3592.0,3592.0,3376.0,3376.0,3437.0,3437.0,3088.0,3088.0,3039.0,3039.0,3241.0,3241.0,3232.0,3232.0
383,2660.0,2660.0,2733.0,2733.0,2569.0,2569.0,2616.0,2616.0,2350.0,2350.0,2313.0,2313.0,2467.0,2467.0,2460.0,2460.0
384,0,0,0,0,0,0,0,0,0,0,0,0,0,0,0,0
385,1061.0,1061.0,1048.0,1048.0,1066.0,1066.0,1086.0,1086.0,1053.0,1053.0,1037.0,1037.0,1064.0,1064.0,1061.0,1061.0
386,986.0,986.0,974.0,974.0,990.0,990.0,1008.0,1008.0,979.0,979.0,963.0,963.0,988.0,988.0,986.0,986.0
387,5498.0,5498.0,5434.0,5434.0,5521.0,5521.0,5621.0,5621.0,5459.0,5459.0,5372.0,5372.0,5510.0,5510.0,5495.0,5495.0
388,10509.0,10509.0,10386.0,10386.0,10552.0,10552.0,10744.0,10744.0,10433.0,10433.0,10267.0,10267.0,10532.0,10532.0,10503.0,10503.0
389,15030.0,15030.0,14856.0,14856.0,15092.0,15092.0,15367.0,15367.0,14924.0,14924.0,14686.0,14686.0,15063.0,15063.0,15022.0,15022.0
784,1005.0,1005.0,1058.0,1058.0,947.0,947.0,964.0,964.0,825.0,825.0,812.0,812.0,887.0,887.0,885.0,885.0
785,9916.0,9916.0,10440.0,10440.0,9346.0,9346.0,9516.0,9516.0,8143.0,8143.0,8012.0,8012.0,8756.0,8756.0,8732.0,8732.0
786,15793.0,15793.0,16628.0,16628.0,14886.0,14886.0,15156.0,15156.0,12969.0,12969.0,12762.0,12762.0,13946.0,13946.0,13907.0,13907.0
787,20817.0,20817.0,21918.0,21918.0,19621.0,19621.0,19977.0,19977.0,17095.0,17095.0,16821.0,16821.0,18383.0,18383.0,18331.0,18331.0
780,18087.0,18087.0,19044.0,19044.0,17048.0,17048.0,17357.0,17357.0,14853.0,14853.0,14615.0,14615.0,15972.0,15972.0,15927.0,15927.0
781,27136.0,27136.0,28571.0,28571.0,25577.0,25577.0,26041.0,26041.0,22284.0,22284.0,21927.0,21927.0,23963.0,23963.0,23896.0,23896.0
782,12638.0,12638.0,13306.0,13306.0,11912.0,11912.0,12128.0,12128.0,10378.0,10378.0,10212.0,10212.0,11160.0,11160.0,11129.0,11129.0
783,1741.0,1741.0,1834.0,1834.0,1641.0,1641.0,1671.0,1671.0,1430.0,1430.0,1407.0,1407.0,1538.0,1538.0,1533.0,1533.0
788,209.0,209.0,220.0,220.0,197.0,197.0,200.0,200.0,171.0,171.0,169.0,169.0,184.0,184.0,184.0,184.0
789,0,0,0,0,0,0,0,0,0,0,0,0,0,0,0,0
605,4603.0,4603.0,4729.0,4729.0,4446.0,4446.0,4526.0,4526.0,4067.0,4067.0,4002.0,4002.0,4268.0,4268.0,4256.0,4256.0
579,5491.0,5491.0,5641.0,5641.0,5303.0,5303.0,5399.0,5399.0,4851.0,4851.0,4774.0,4774.0,5091.0,5091.0,5077.0,5077.0
578,1295.0,1295.0,1330.0,1330.0,1250.0,1250.0,1273.0,1273.0,1144.0,1144.0,1126.0,1126.0,1200.0,1200.0,1197.0,1197.0
604,6253.0,6253.0,6425.0,6425.0,6040.0,6040.0,6149.0,6149.0,5525.0,5525.0,5437.0,5437.0,5798.0,5798.0,5782.0,5782.0
573,572.0,572.0,578.0,578.0,563.0,563.0,573.0,573.0,535.0,535.0,526.0,526.0,551.0,551.0,549.0,549.0
572,0,0,0,0,0,0,0,0,0,0,0,0,0,0,0,0
571,0,0,0,0,0,0,0,0,0,0,0,0,0,0,0,0
570,564.0,564.0,580.0,580.0,545.0,545.0,555.0,555.0,499.0,499.0,491.0,491.0,523.0,523.0,522.0,522.0
577,936.0,936.0,962.0,962.0,904.0,904.0,921.0,921.0,827.0,827.0,815.0,815.0,868.0,868.0,866.0,866.0
576,1425.0,1425.0,1464.0,1464.0,1376.0,1376.0,1402.0,1402.0,1259.0,1259.0,1240.0,1240.0,1321.0,1321.0,1318.0,1318.0
575,2820.0,2820.0,2898.0,2898.0,2724.0,2724.0,2775.0,2775.0,2491.0,2491.0,2453.0,2453.0,2615.0,2615.0,2609.0,2609.0
574,6559.0,6559.0,6709.0,6709.0,6366.0,6366.0,6482.0,6482.0,5882.0,5882.0,5788.0,5788.0,6141.0,6141.0,6125.0,6125.0
60,611.0,611.0,627.0,627.0,590.0,590.0,601.0,601.0,539.0,539.0,531.0,531.0,566.0,566.0,565.0,565.0
61,607.0,607.0,623.0,623.0,586.0,586.0,597.0,597.0,536.0,536.0,527.0,527.0,562.0,562.0,561.0,561.0
258,5617.0,5617.0,5552.0,5552.0,5640.0,5640.0,5743.0,5743.0,5577.0,5577.0,5488.0,5488.0,5629.0,5629.0,5614.0,5614.0
259,4094.0,4094.0,4046.0,4046.0,4110.0,4110.0,4186.0,4186.0,4064.0,4064.0,4000.0,4000.0,4103.0,4103.0,4092.0,4092.0
64,4330.0,4330.0,4450.0,4450.0,4183.0,4183.0,4258.0,4258.0,3826.0,3826.0,3765.0,3765.0,4015.0,4015.0,4004.0,4004.0
65,6602.0,6602.0,6783.0,6783.0,6376.0,6376.0,6492.0,6492.0,5833.0,5833.0,5740.0,5740.0,6121.0,6121.0,6104.0,6104.0
66,6976.0,6976.0,7168.0,7168.0,6738.0,6738.0,6860.0,6860.0,6164.0,6164.0,6065.0,6065.0,6469.0,6469.0,6451.0,6451.0
67,5545.0,5545.0,5697.0,5697.0,5355.0,5355.0,5453.0,5453.0,4899.0,4899.0,4821.0,4821.0,5141.0,5141.0,5127.0,5127.0
252,18996.0,18996.0,18775.0,18775.0,19075.0,19075.0,19420.0,19420.0,18860.0,18860.0,18559.0,18559.0,19038.0,19038.0,18985.0,18985.0
69,4721.0,4721.0,4851.0,4851.0,4559.0,4559.0,4642.0,4642.0,4171.0,4171.0,4104.0,4104.0,4377.0,4377.0,4365.0,4365.0
250,12771.0,12771.0,12622.0,12622.0,12823.0,12823.0,13056.0,13056.0,12679.0,12679.0,12477.0,12477.0,12799.0,12799.0,12763.0,12763.0
251,17069.0,17069.0,16870.0,16870.0,17139.0,17139.0,17450.0,17450.0,16946.0,16946.0,16675.0,16675.0,17106.0,17106.0,17058.0,17058.0
256,2784.0,2784.0,2751.0,2751.0,2795.0,2795.0,2846.0,2846.0,2763.0,2763.0,2720.0,2720.0,2790.0,2790.0,2782.0,2782.0
257,4871.0,4871.0,4815.0,4815.0,4892.0,4892.0,4981.0,4981.0,4836.0,4836.0,4759.0,4759.0,4882.0,4882.0,4869.0,4869.0
254,3016.0,3016.0,2981.0,2981.0,3029.0,3029.0,3084.0,3084.0,2994.0,2994.0,2947.0,2947.0,3023.0,3023.0,3014.0,3014.0
255,1596.0,1596.0,1578.0,1578.0,1603.0,1603.0,1632.0,1632.0,1585.0,1585.0,1560.0,1560.0,1600.0,1600.0,1595.0,1595.0
603,29.0,29.0,30.0,30.0,28.0,28.0,28.0,28.0,26.0,26.0,25.0,25.0,27.0,27.0,27.0,27.0
602,0,0,0,0,0,0,0,0,0,0,0,0,0,0,0,0
731,0,0,0,0,0,0,0,0,0,0,0,0,0,0,0,0
730,0,0,0,0,0,0,0,0,0,0,0,0,0,0,0,0
733,671.0,671.0,706.0,706.0,632.0,632.0,644.0,644.0,551.0,551.0,542.0,542.0,592.0,592.0,591.0,591.0
732,621.0,621.0,653.0,653.0,585.0,585.0,596.0,596.0,510.0,510.0,501.0,501.0,548.0,548.0,546.0,546.0
735,0,0,0,0,0,0,0,0,0,0,0,0,0,0,0,0
734,53.0,53.0,55.0,55.0,50.0,50.0,50.0,50.0,43.0,43.0,42.0,42.0,46.0,46.0,46.0,46.0
508,11.0,11.0,10.0,10.0,11.0,11.0,11.0,11.0,10.0,10.0,10.0,10.0,11.0,11.0,11.0,11.0
509,0,0,0,0,0,0,0,0,0,0,0,0,0,0,0,0
506,2314.0,2314.0,2308.0,2308.0,2302.0,2302.0,2344.0,2344.0,2234.0,2234.0,2199.0,2199.0,2276.0,2276.0,2270.0,2270.0
507,1584.0,1584.0,1565.0,1565.0,1590.0,1590.0,1619.0,1619.0,1572.0,1572.0,1547.0,1547.0,1587.0,1587.0,1583.0,1583.0
504,74.0,74.0,76.0,76.0,71.0,71.0,73.0,73.0,65.0,65.0,64.0,64.0,68.0,68.0,68.0,68.0
505,0,0,0,0,0,0,0,0,0,0,0,0,0,0,0,0
502,2760.0,2760.0,2836.0,2836.0,2666.0,2666.0,2715.0,2715.0,2439.0,2439.0,2400.0,2400.0,2560.0,2560.0,2553.0,2553.0
503,5967.0,5967.0,6131.0,6131.0,5763.0,5763.0,5868.0,5868.0,5272.0,5272.0,5188.0,5188.0,5533.0,5533.0,5518.0,5518.0
500,205.0,205.0,210.0,210.0,198.0,198.0,202.0,202.0,181.0,181.0,179.0,179.0,190.0,190.0,190.0,190.0
501,527.0,527.0,542.0,542.0,509.0,509.0,519.0,519.0,466.0,466.0,459.0,459.0,489.0,489.0,488.0,488.0
630,861.0,861.0,906.0,906.0,811.0,811.0,826.0,826.0,707.0,707.0,696.0,696.0,760.0,760.0,758.0,758.0
631,1123.0,1123.0,1182.0,1182.0,1058.0,1058.0,1077.0,1077.0,922.0,922.0,907.0,907.0,991.0,991.0,989.0,989.0
632,172.0,172.0,181.0,181.0,162.0,162.0,165.0,165.0,141.0,141.0,139.0,139.0,152.0,152.0,151.0,151.0
633,0,0,0,0,0,0,0,0,0,0,0,0,0,0,0,0
469,1081.0,1081.0,1068.0,1068.0,1085.0,1085.0,1106.0,1106.0,1073.0,1073.0,1057.0,1057.0,1083.0,1083.0,1081.0,1081.0
468,1765.0,1765.0,1745.0,1745.0,1772.0,1772.0,1805.0,1805.0,1752.0,1752.0,1725.0,1725.0,1768.0,1768.0,1765.0,1765.0
636,509.0,509.0,536.0,536.0,480.0,480.0,489.0,489.0,418.0,418.0,411.0,411.0,450.0,450.0,448.0,448.0
637,1532.0,1532.0,1613.0,1613.0,1444.0,1444.0,1470.0,1470.0,1258.0,1258.0,1238.0,1238.0,1353.0,1353.0,1349.0,1349.0
465,4696.0,4696.0,4642.0,4642.0,4716.0,4716.0,4801.0,4801.0,4663.0,4663.0,4588.0,4588.0,4707.0,4707.0,4694.0,4694.0
464,5367.0,5367.0,5304.0,5304.0,5389.0,5389.0,5487.0,5487.0,5329.0,5329.0,5244.0,5244.0,5379.0,5379.0,5364.0,5364.0
467,12832.0,12832.0,12683.0,12683.0,12885.0,12885.0,13119.0,13119.0,12740.0,12740.0,12537.0,12537.0,12860.0,12860.0,12825.0,12825.0
466,3207.0,3207.0,3169.0,3169.0,3220.0,3220.0,3279.0,3279.0,3184.0,3184.0,3133.0,3133.0,3214.0,3214.0,3205.0,3205.0
461,4444.0,4444.0,4392.0,4392.0,4462.0,4462.0,4543.0,4543.0,4412.0,4412.0,4341.0,4341.0,4453.0,4453.0,4441.0,4441.0
460,8843.0,8843.0,8740.0,8740.0,8880.0,8880.0,9040.0,9040.0,8780.0,8780.0,8639.0,8639.0,8862.0,8862.0,8838.0,8838.0
463,5899.0,5899.0,5831.0,5831.0,5924.0,5924.0,6031.0,6031.0,5857.0,5857.0,5764.0,5764.0,5912.0,5912.0,5896.0,5896.0
462,5689.0,5689.0,5623.0,5623.0,5713.0,5713.0,5817.0,5817.0,5649.0,5649.0,5558.0,5558.0,5702.0,5702.0,5686.0,5686.0
168,1148.0,1148.0,1179.0,1179.0,1108.0,1108.0,1129.0,1129.0,1014.0,1014.0,998.0,998.0,1064.0,1064.0,1061.0,1061.0
169,885.0,885.0,909.0,909.0,854.0,854.0,870.0,870.0,782.0,782.0,769.0,769.0,820.0,820.0,818.0,818.0
164,1244.0,1244.0,1258.0,1258.0,1222.0,1222.0,1244.0,1244.0,1156.0,1156.0,1138.0,1138.0,1193.0,1193.0,1189.0,1189.0
165,2411.0,2411.0,2473.0,2473.0,2333.0,2333.0,2376.0,2376.0,2142.0,2142.0,2108.0,2108.0,2244.0,2244.0,2238.0,2238.0
166,2482.0,2482.0,2550.0,2550.0,2398.0,2398.0,2441.0,2441.0,2194.0,2194.0,2159.0,2159.0,2302.0,2302.0,2296.0,2296.0
167,1649.0,1649.0,1694.0,1694.0,1593.0,1593.0,1622.0,1622.0,1457.0,1457.0,1434.0,1434.0,1529.0,1529.0,1525.0,1525.0
160,919.0,919.0,908.0,908.0,922.0,922.0,939.0,939.0,912.0,912.0,897.0,897.0,920.0,920.0,918.0,918.0
161,3568.0,3568.0,3527.0,3527.0,3583.0,3583.0,3648.0,3648.0,3543.0,3543.0,3486.0,3486.0,3576.0,3576.0,3566.0,3566.0
162,4245.0,4245.0,4196.0,4196.0,4263.0,4263.0,4340.0,4340.0,4215.0,4215.0,4148.0,4148.0,4255.0,4255.0,4243.0,4243.0
163,2151.0,2151.0,2126.0,2126.0,2159.0,2159.0,2199.0,2199.0,2135.0,2135.0,2101.0,2101.0,2155.0,2155.0,2149.0,2149.0
600,3012.0,3012.0,3095.0,3095.0,2909.0,2909.0,2962.0,2962.0,2661.0,2661.0,2619.0,2619.0,2793.0,2793.0,2785.0,2785.0
9,396.0,396.0,391.0,391.0,397.0,397.0,405.0,405.0,393.0,393.0,387.0,387.0,396.0,396.0,395.0,395.0
647,0,0,0,0,0,0,0,0,0,0,0,0,0,0,0,0
646,283.0,283.0,298.0,298.0,267.0,267.0,272.0,272.0,232.0,232.0,229.0,229.0,250.0,250.0,249.0,249.0
649,2033.0,2033.0,2141.0,2141.0,1916.0,1916.0,1951.0,1951.0,1670.0,1670.0,1643.0,1643.0,1795.0,1795.0,1790.0,1790.0
648,1070.0,1070.0,1127.0,1127.0,1009.0,1009.0,1027.0,1027.0,879.0,879.0,865.0,865.0,945.0,945.0,942.0,942.0
357,89792.0,89792.0,88746.0,88746.0,90163.0,90163.0,91799.0,91799.0,89149.0,89149.0,87726.0,87726.0,89989.0,89989.0,89739.0,89739.0
356,94378.0,94378.0,93279.0,93279.0,94768.0,94768.0,96485.0,96485.0,93702.0,93702.0,92203.0,92203.0,94584.0,94584.0,94320.0,94320.0
355,76766.0,76766.0,75872.0,75872.0,77083.0,77083.0,78481.0,78481.0,76216.0,76216.0,74998.0,74998.0,76934.0,76934.0,76720.0,76720.0
354,19206.0,19206.0,18983.0,18983.0,19286.0,19286.0,19636.0,19636.0,19069.0,19069.0,18765.0,18765.0,19249.0,19249.0,19196.0,19196.0
353,4208.0,4208.0,4159.0,4159.0,4225.0,4225.0,4302.0,4302.0,4178.0,4178.0,4111.0,4111.0,4217.0,4217.0,4206.0,4206.0
352,1039.0,1039.0,1027.0,1027.0,1043.0,1043.0,1062.0,1062.0,1031.0,1031.0,1015.0,1015.0,1041.0,1041.0,1038.0,1038.0
351,661.0,661.0,653.0,653.0,663.0,663.0,676.0,676.0,655.0,655.0,645.0,645.0,662.0,662.0,660.0,660.0
350,883.0,883.0,873.0,873.0,887.0,887.0,903.0,903.0,875.0,875.0,861.0,861.0,884.0,884.0,882.0,882.0
803,0,0,0,0,0,0,0,0,0,0,0,0,0,0,0,0
802,0,0,0,0,0,0,0,0,0,0,0,0,0,0,0,0
801,105.0,105.0,111.0,111.0,99.0,99.0,101.0,101.0,86.0,86.0,85.0,85.0,93.0,93.0,93.0,93.0
800,207.0,207.0,218.0,218.0,195.0,195.0,198.0,198.0,170.0,170.0,167.0,167.0,183.0,183.0,182.0,182.0
359,24479.0,24479.0,24193.0,24193.0,24580.0,24580.0,25026.0,25026.0,24304.0,24304.0,23915.0,23915.0,24533.0,24533.0,24464.0,24464.0
358,22349.0,22349.0,22088.0,22088.0,22441.0,22441.0,22848.0,22848.0,22188.0,22188.0,21834.0,21834.0,22397.0,22397.0,22335.0,22335.0
216,3526.0,3526.0,3484.0,3484.0,3540.0,3540.0,3604.0,3604.0,3500.0,3500.0,3444.0,3444.0,3533.0,3533.0,3523.0,3523.0
217,7120.0,7120.0,7037.0,7037.0,7150.0,7150.0,7279.0,7279.0,7069.0,7069.0,6956.0,6956.0,7136.0,7136.0,7116.0,7116.0
214,6123.0,6123.0,6052.0,6052.0,6148.0,6148.0,6260.0,6260.0,6079.0,6079.0,5982.0,5982.0,6136.0,6136.0,6120.0,6120.0
215,3956.0,3956.0,3910.0,3910.0,3973.0,3973.0,4045.0,4045.0,3928.0,3928.0,3865.0,3865.0,3965.0,3965.0,3954.0,3954.0
212,1639.0,1639.0,1620.0,1620.0,1646.0,1646.0,1676.0,1676.0,1628.0,1628.0,1602.0,1602.0,1643.0,1643.0,1638.0,1638.0
213,6441.0,6441.0,6366.0,6366.0,6467.0,6467.0,6586.0,6586.0,6395.0,6395.0,6293.0,6293.0,6454.0,6454.0,6438.0,6438.0
210,650.0,650.0,642.0,642.0,652.0,652.0,664.0,664.0,645.0,645.0,635.0,635.0,651.0,651.0,650.0,650.0
211,631.0,631.0,624.0,624.0,633.0,633.0,645.0,645.0,626.0,626.0,616.0,616.0,632.0,632.0,631.0,631.0
762,8.0,8.0,8.0,8.0,7.0,7.0,8.0,8.0,6.0,6.0,6.0,6.0,7.0,7.0,7.0,7.0
763,23.0,23.0,25.0,25.0,22.0,22.0,22.0,22.0,19.0,19.0,19.0,19.0,20.0,20.0,20.0,20.0
760,3959.0,3959.0,4168.0,4168.0,3731.0,3731.0,3799.0,3799.0,3251.0,3251.0,3199.0,3199.0,3496.0,3496.0,3486.0,3486.0
761,2822.0,2822.0,2971.0,2971.0,2660.0,2660.0,2708.0,2708.0,2317.0,2317.0,2280.0,2280.0,2492.0,2492.0,2485.0,2485.0
766,6434.0,6434.0,6774.0,6774.0,6064.0,6064.0,6174.0,6174.0,5283.0,5283.0,5199.0,5199.0,5682.0,5682.0,5666.0,5666.0
767,5265.0,5265.0,5544.0,5544.0,4963.0,4963.0,5053.0,5053.0,4324.0,4324.0,4255.0,4255.0,4650.0,4650.0,4637.0,4637.0
218,10792.0,10792.0,10666.0,10666.0,10837.0,10837.0,11033.0,11033.0,10715.0,10715.0,10544.0,10544.0,10816.0,10816.0,10786.0,10786.0
219,1328.0,1328.0,1313.0,1313.0,1334.0,1334.0,1358.0,1358.0,1319.0,1319.0,1298.0,1298.0,1331.0,1331.0,1328.0,1328.0
289,3086.0,3086.0,3050.0,3050.0,3099.0,3099.0,3155.0,3155.0,3064.0,3064.0,3015.0,3015.0,3093.0,3093.0,3085.0,3085.0
288,9013.0,9013.0,8908.0,8908.0,9050.0,9050.0,9214.0,9214.0,8948.0,8948.0,8805.0,8805.0,9032.0,9032.0,9007.0,9007.0
4,289.0,289.0,286.0,286.0,290.0,290.0,296.0,296.0,287.0,287.0,282.0,282.0,290.0,290.0,289.0,289.0
281,544.0,544.0,538.0,538.0,547.0,547.0,557.0,557.0,541.0,541.0,532.0,532.0,546.0,546.0,544.0,544.0
280,659.0,659.0,660.0,660.0,653.0,653.0,665.0,665.0,628.0,628.0,618.0,618.0,642.0,642.0,641.0,641.0
283,3274.0,3274.0,3235.0,3235.0,3287.0,3287.0,3347.0,3347.0,3250.0,3250.0,3198.0,3198.0,3281.0,3281.0,3272.0,3272.0
282,1996.0,1996.0,1973.0,1973.0,2004.0,2004.0,2041.0,2041.0,1982.0,1982.0,1950.0,1950.0,2000.0,2000.0,1995.0,1995.0
285,21142.0,21142.0,20896.0,20896.0,21229.0,21229.0,21614.0,21614.0,20990.0,20990.0,20655.0,20655.0,21188.0,21188.0,21129.0,21129.0
284,6139.0,6139.0,6067.0,6067.0,6164.0,6164.0,6277.0,6277.0,6095.0,6095.0,5998.0,5998.0,6152.0,6152.0,6135.0,6135.0
287,32972.0,32972.0,32589.0,32589.0,33109.0,33109.0,33709.0,33709.0,32737.0,32737.0,32213.0,32213.0,33044.0,33044.0,32953.0,32953.0
286,22826.0,22826.0,22560.0,22560.0,22920.0,22920.0,23336.0,23336.0,22662.0,22662.0,22300.0,22300.0,22876.0,22876.0,22812.0,22812.0
678,11041.0,11041.0,11625.0,11625.0,10406.0,10406.0,10595.0,10595.0,9066.0,9066.0,8922.0,8922.0,9750.0,9750.0,9722.0,9722.0
679,0,0,0,0,0,0,0,0,0,0,0,0,0,0,0,0
674,571.0,571.0,601.0,601.0,538.0,538.0,548.0,548.0,469.0,469.0,462.0,462.0,504.0,504.0,503.0,503.0
675,1422.0,1422.0,1497.0,1497.0,1340.0,1340.0,1365.0,1365.0,1168.0,1168.0,1149.0,1149.0,1256.0,1256.0,1252.0,1252.0
676,2183.0,2183.0,2299.0,2299.0,2058.0,2058.0,2095.0,2095.0,1793.0,1793.0,1764.0,1764.0,1928.0,1928.0,1922.0,1922.0
677,8342.0,8342.0,8784.0,8784.0,7863.0,7863.0,8006.0,8006.0,6850.0,6850.0,6741.0,6741.0,7367.0,7367.0,7346.0,7346.0
670,858.0,858.0,903.0,903.0,809.0,809.0,823.0,823.0,704.0,704.0,693.0,693.0,758.0,758.0,756.0,756.0
671,411.0,411.0,433.0,433.0,388.0,388.0,395.0,395.0,338.0,338.0,332.0,332.0,363.0,363.0,362.0,362.0
672,0,0,0,0,0,0,0,0,0,0,0,0,0,0,0,0
673,84.0,84.0,88.0,88.0,79.0,79.0,81.0,81.0,69.0,69.0,68.0,68.0,74.0,74.0,74.0,74.0
263,5389.0,5389.0,5326.0,5326.0,5411.0,5411.0,5509.0,5509.0,5350.0,5350.0,5265.0,5265.0,5401.0,5401.0,5386.0,5386.0
262,6367.0,6367.0,6293.0,6293.0,6393.0,6393.0,6510.0,6510.0,6322.0,6322.0,6221.0,6221.0,6381.0,6381.0,6364.0,6364.0
261,5919.0,5919.0,5850.0,5850.0,5944.0,5944.0,6052.0,6052.0,5877.0,5877.0,5784.0,5784.0,5932.0,5932.0,5916.0,5916.0
260,5611.0,5611.0,5546.0,5546.0,5634.0,5634.0,5736.0,5736.0,5571.0,5571.0,5482.0,5482.0,5623.0,5623.0,5608.0,5608.0
267,1517.0,1517.0,1505.0,1505.0,1516.0,1516.0,1545.0,1545.0,1488.0,1488.0,1464.0,1464.0,1507.0,1507.0,1504.0,1504.0
266,2398.0,2398.0,2370.0,2370.0,2407.0,2407.0,2452.0,2452.0,2381.0,2381.0,2343.0,2343.0,2403.0,2403.0,2397.0,2397.0
265,2955.0,2955.0,2920.0,2920.0,2966.0,2966.0,3020.0,3020.0,2933.0,2933.0,2887.0,2887.0,2960.0,2960.0,2953.0,2953.0
264,3204.0,3204.0,3166.0,3166.0,3217.0,3217.0,3276.0,3276.0,3181.0,3181.0,3131.0,3131.0,3211.0,3211.0,3202.0,3202.0
269,5616.0,5616.0,5763.0,5763.0,5432.0,5432.0,5531.0,5531.0,4984.0,4984.0,4905.0,4905.0,5223.0,5223.0,5208.0,5208.0
268,618.0,618.0,629.0,629.0,603.0,603.0,614.0,614.0,564.0,564.0,555.0,555.0,585.0,585.0,584.0,584.0
701,1970.0,1970.0,2074.0,2074.0,1857.0,1857.0,1891.0,1891.0,1618.0,1618.0,1592.0,1592.0,1740.0,1740.0,1735.0,1735.0
59,847.0,847.0,870.0,870.0,818.0,818.0,833.0,833.0,749.0,749.0,737.0,737.0,786.0,786.0,784.0,784.0
58,227.0,227.0,225.0,225.0,228.0,228.0,232.0,232.0,224.0,224.0,221.0,221.0,227.0,227.0,226.0,226.0
55,475.0,475.0,470.0,470.0,477.0,477.0,486.0,486.0,472.0,472.0,464.0,464.0,476.0,476.0,475.0,475.0
54,366.0,366.0,362.0,362.0,367.0,367.0,374.0,374.0,363.0,363.0,357.0,357.0,367.0,367.0,366.0,366.0
57,308.0,308.0,305.0,305.0,310.0,310.0,315.0,315.0,306.0,306.0,301.0,301.0,309.0,309.0,308.0,308.0
56,468.0,468.0,462.0,462.0,470.0,470.0,478.0,478.0,464.0,464.0,457.0,457.0,469.0,469.0,467.0,467.0
51,656.0,656.0,649.0,649.0,659.0,659.0,671.0,671.0,651.0,651.0,641.0,641.0,658.0,658.0,656.0,656.0
50,240.0,240.0,238.0,238.0,241.0,241.0,246.0,246.0,239.0,239.0,235.0,235.0,241.0,241.0,240.0,240.0
53,349.0,349.0,345.0,345.0,350.0,350.0,357.0,357.0,346.0,346.0,341.0,341.0,350.0,350.0,349.0,349.0
52,708.0,708.0,700.0,700.0,711.0,711.0,724.0,724.0,703.0,703.0,692.0,692.0,710.0,710.0,708.0,708.0
537,2761.0,2761.0,2787.0,2787.0,2717.0,2717.0,2766.0,2766.0,2582.0,2582.0,2541.0,2541.0,2658.0,2658.0,2651.0,2651.0
536,5196.0,5196.0,5136.0,5136.0,5217.0,5217.0,5312.0,5312.0,5156.0,5156.0,5074.0,5074.0,5206.0,5206.0,5192.0,5192.0
535,9732.0,9732.0,9618.0,9618.0,9772.0,9772.0,9952.0,9952.0,9663.0,9663.0,9511.0,9511.0,9752.0,9752.0,9729.0,9729.0
63,2005.0,2005.0,2061.0,2061.0,1937.0,1937.0,1972.0,1972.0,1772.0,1772.0,1744.0,1744.0,1859.0,1859.0,1854.0,1854.0
533,468.0,468.0,462.0,462.0,470.0,470.0,478.0,478.0,464.0,464.0,457.0,457.0,469.0,469.0,467.0,467.0
532,0,0,0,0,0,0,0,0,0,0,0,0,0,0,0,0
531,0,0,0,0,0,0,0,0,0,0,0,0,0,0,0,0
530,0,0,0,0,0,0,0,0,0,0,0,0,0,0,0,0
539,530.0,530.0,544.0,544.0,512.0,512.0,521.0,521.0,468.0,468.0,461.0,461.0,491.0,491.0,490.0,490.0
538,906.0,906.0,931.0,931.0,875.0,875.0,891.0,891.0,800.0,800.0,788.0,788.0,840.0,840.0,838.0,838.0
775,21145.0,21145.0,22263.0,22263.0,19930.0,19930.0,20291.0,20291.0,17364.0,17364.0,17086.0,17086.0,18672.0,18672.0,18620.0,18620.0
774,25628.0,25628.0,26984.0,26984.0,24156.0,24156.0,24594.0,24594.0,21045.0,21045.0,20709.0,20709.0,22631.0,22631.0,22568.0,22568.0
777,0,0,0,0,0,0,0,0,0,0,0,0,0,0,0,0
115,661.0,661.0,653.0,653.0,664.0,664.0,676.0,676.0,656.0,656.0,646.0,646.0,663.0,663.0,661.0,661.0
114,973.0,973.0,961.0,961.0,977.0,977.0,995.0,995.0,966.0,966.0,951.0,951.0,975.0,975.0,973.0,973.0
117,150.0,150.0,148.0,148.0,151.0,151.0,154.0,154.0,149.0,149.0,147.0,147.0,151.0,151.0,150.0,150.0
116,294.0,294.0,290.0,290.0,295.0,295.0,300.0,300.0,291.0,291.0,287.0,287.0,294.0,294.0,293.0,293.0
111,1255.0,1255.0,1240.0,1240.0,1260.0,1260.0,1283.0,1283.0,1246.0,1246.0,1226.0,1226.0,1257.0,1257.0,1254.0,1254.0
110,1543.0,1543.0,1525.0,1525.0,1549.0,1549.0,1577.0,1577.0,1532.0,1532.0,1507.0,1507.0,1546.0,1546.0,1542.0,1542.0
113,987.0,987.0,975.0,975.0,991.0,991.0,1009.0,1009.0,980.0,980.0,964.0,964.0,989.0,989.0,986.0,986.0
112,997.0,997.0,985.0,985.0,1001.0,1001.0,1019.0,1019.0,990.0,990.0,974.0,974.0,999.0,999.0,997.0,997.0
771,419.0,419.0,442.0,442.0,395.0,395.0,402.0,402.0,344.0,344.0,339.0,339.0,370.0,370.0,369.0,369.0
119,238.0,238.0,235.0,235.0,239.0,239.0,243.0,243.0,236.0,236.0,233.0,233.0,238.0,238.0,238.0,238.0
118,151.0,151.0,149.0,149.0,151.0,151.0,154.0,154.0,150.0,150.0,147.0,147.0,151.0,151.0,151.0,151.0
770,0,0,0,0,0,0,0,0,0,0,0,0,0,0,0,0
773,18230.0,18230.0,19194.0,19194.0,17183.0,17183.0,17495.0,17495.0,14970.0,14970.0,14731.0,14731.0,16098.0,16098.0,16053.0,16053.0
772,1217.0,1217.0,1282.0,1282.0,1148.0,1148.0,1169.0,1169.0,1000.0,1000.0,984.0,984.0,1075.0,1075.0,1072.0,1072.0
429,4446.0,4446.0,4394.0,4394.0,4464.0,4464.0,4545.0,4545.0,4414.0,4414.0,4343.0,4343.0,4455.0,4455.0,4443.0,4443.0
428,6193.0,6193.0,6121.0,6121.0,6219.0,6219.0,6331.0,6331.0,6149.0,6149.0,6050.0,6050.0,6207.0,6207.0,6189.0,6189.0
534,7464.0,7464.0,7377.0,7377.0,7495.0,7495.0,7632.0,7632.0,7411.0,7411.0,7293.0,7293.0,7481.0,7481.0,7461.0,7461.0
421,25116.0,25116.0,24823.0,24823.0,25220.0,25220.0,25678.0,25678.0,24935.0,24935.0,24538.0,24538.0,25170.0,25170.0,25102.0,25102.0
420,9259.0,9259.0,9151.0,9151.0,9297.0,9297.0,9466.0,9466.0,9193.0,9193.0,9046.0,9046.0,9279.0,9279.0,9254.0,9254.0
423,16932.0,16932.0,16735.0,16735.0,17002.0,17002.0,17310.0,17310.0,16811.0,16811.0,16542.0,16542.0,16969.0,16969.0,16922.0,16922.0
422,10697.0,10697.0,10572.0,10572.0,10741.0,10741.0,10937.0,10937.0,10621.0,10621.0,10451.0,10451.0,10720.0,10720.0,10691.0,10691.0
425,13054.0,13054.0,12902.0,12902.0,13108.0,13108.0,13346.0,13346.0,12961.0,12961.0,12754.0,12754.0,13083.0,13083.0,13046.0,13046.0
424,7327.0,7327.0,7242.0,7242.0,7357.0,7357.0,7491.0,7491.0,7274.0,7274.0,7158.0,7158.0,7343.0,7343.0,7322.0,7322.0
427,56881.0,56881.0,56218.0,56218.0,57116.0,57116.0,58151.0,58151.0,56474.0,56474.0,55570.0,55570.0,57005.0,57005.0,56846.0,56846.0
426,43082.0,43082.0,42580.0,42580.0,43260.0,43260.0,44044.0,44044.0,42774.0,42774.0,42089.0,42089.0,43176.0,43176.0,43056.0,43056.0
308,746.0,746.0,767.0,767.0,721.0,721.0,734.0,734.0,659.0,659.0,649.0,649.0,692.0,692.0,690.0,690.0
309,747.0,747.0,767.0,767.0,721.0,721.0,734.0,734.0,660.0,660.0,649.0,649.0,692.0,692.0,691.0,691.0
300,2059.0,2059.0,2035.0,2035.0,2066.0,2066.0,2105.0,2105.0,2042.0,2042.0,2011.0,2011.0,2062.0,2062.0,2057.0,2057.0
301,1215.0,1215.0,1201.0,1201.0,1220.0,1220.0,1243.0,1243.0,1206.0,1206.0,1188.0,1188.0,1217.0,1217.0,1215.0,1215.0
302,2328.0,2328.0,2329.0,2329.0,2311.0,2311.0,2353.0,2353.0,2235.0,2235.0,2200.0,2200.0,2281.0,2281.0,2275.0,2275.0
303,3046.0,3046.0,3129.0,3129.0,2942.0,2942.0,2995.0,2995.0,2691.0,2691.0,2648.0,2648.0,2824.0,2824.0,2816.0,2816.0
304,5152.0,5152.0,5293.0,5293.0,4976.0,4976.0,5066.0,5066.0,4552.0,4552.0,4479.0,4479.0,4777.0,4777.0,4763.0,4763.0
305,7567.0,7567.0,7775.0,7775.0,7309.0,7309.0,7441.0,7441.0,6686.0,6686.0,6579.0,6579.0,7016.0,7016.0,6997.0,6997.0
306,5569.0,5569.0,5722.0,5722.0,5379.0,5379.0,5476.0,5476.0,4921.0,4921.0,4842.0,4842.0,5164.0,5164.0,5149.0,5149.0
307,909.0,909.0,934.0,934.0,878.0,878.0,894.0,894.0,803.0,803.0,790.0,790.0,843.0,843.0,841.0,841.0
568,6743.0,6743.0,6928.0,6928.0,6513.0,6513.0,6631.0,6631.0,5958.0,5958.0,5863.0,5863.0,6252.0,6252.0,6235.0,6235.0
569,6347.0,6347.0,6522.0,6522.0,6130.0,6130.0,6242.0,6242.0,5608.0,5608.0,5518.0,5518.0,5885.0,5885.0,5869.0,5869.0
751,3578.0,3578.0,3767.0,3767.0,3372.0,3372.0,3433.0,3433.0,2938.0,2938.0,2891.0,2891.0,3159.0,3159.0,3151.0,3151.0
750,1174.0,1174.0,1237.0,1237.0,1106.0,1106.0,1127.0,1127.0,964.0,964.0,949.0,949.0,1037.0,1037.0,1034.0,1034.0
757,499.0,499.0,525.0,525.0,470.0,470.0,479.0,479.0,409.0,409.0,403.0,403.0,441.0,441.0,440.0,440.0
737,22.0,22.0,23.0,23.0,21.0,21.0,21.0,21.0,18.0,18.0,18.0,18.0,19.0,19.0,19.0,19.0
755,0,0,0,0,0,0,0,0,0,0,0,0,0,0,0,0
754,1792.0,1792.0,1887.0,1887.0,1689.0,1689.0,1719.0,1719.0,1471.0,1471.0,1448.0,1448.0,1582.0,1582.0,1578.0,1578.0
560,54.0,54.0,53.0,53.0,54.0,54.0,55.0,55.0,54.0,54.0,53.0,53.0,54.0,54.0,54.0,54.0
561,3864.0,3864.0,3829.0,3829.0,3870.0,3870.0,3940.0,3940.0,3808.0,3808.0,3748.0,3748.0,3853.0,3853.0,3843.0,3843.0
562,3320.0,3320.0,3390.0,3390.0,3227.0,3227.0,3286.0,3286.0,2993.0,2993.0,2946.0,2946.0,3120.0,3120.0,3111.0,3111.0
563,1468.0,1468.0,1508.0,1508.0,1417.0,1417.0,1444.0,1444.0,1295.0,1295.0,1275.0,1275.0,1360.0,1360.0,1357.0,1357.0
564,1391.0,1391.0,1429.0,1429.0,1343.0,1343.0,1368.0,1368.0,1228.0,1228.0,1209.0,1209.0,1289.0,1289.0,1286.0,1286.0
565,901.0,901.0,925.0,925.0,869.0,869.0,886.0,886.0,796.0,796.0,783.0,783.0,835.0,835.0,833.0,833.0
566,1089.0,1089.0,1119.0,1119.0,1051.0,1051.0,1071.0,1071.0,962.0,962.0,947.0,947.0,1009.0,1009.0,1007.0,1007.0
567,5604.0,5604.0,5758.0,5758.0,5413.0,5413.0,5511.0,5511.0,4952.0,4952.0,4873.0,4873.0,5196.0,5196.0,5182.0,5182.0
739,1562.0,1562.0,1645.0,1645.0,1473.0,1473.0,1499.0,1499.0,1283.0,1283.0,1262.0,1262.0,1379.0,1379.0,1376.0,1376.0
229,6149.0,6149.0,6077.0,6077.0,6174.0,6174.0,6287.0,6287.0,6105.0,6105.0,6008.0,6008.0,6162.0,6162.0,6145.0,6145.0
228,5403.0,5403.0,5340.0,5340.0,5425.0,5425.0,5525.0,5525.0,5364.0,5364.0,5280.0,5280.0,5414.0,5414.0,5402.0,5402.0
227,3541.0,3541.0,3499.0,3499.0,3556.0,3556.0,3621.0,3621.0,3516.0,3516.0,3460.0,3460.0,3549.0,3549.0,3540.0,3540.0
226,4303.0,4303.0,4254.0,4254.0,4321.0,4321.0,4401.0,4401.0,4272.0,4272.0,4206.0,4206.0,4312.0,4312.0,4302.0,4302.0
225,4005.0,4005.0,3959.0,3959.0,4023.0,4023.0,4096.0,4096.0,3977.0,3977.0,3914.0,3914.0,4015.0,4015.0,4004.0,4004.0
224,5470.0,5470.0,5406.0,5406.0,5492.0,5492.0,5592.0,5592.0,5431.0,5431.0,5344.0,5344.0,5482.0,5482.0,5467.0,5467.0
223,4334.0,4334.0,4284.0,4284.0,4352.0,4352.0,4432.0,4432.0,4304.0,4304.0,4235.0,4235.0,4344.0,4344.0,4332.0,4332.0
222,4536.0,4536.0,4483.0,4483.0,4555.0,4555.0,4637.0,4637.0,4503.0,4503.0,4431.0,4431.0,4546.0,4546.0,4533.0,4533.0
221,1186.0,1186.0,1172.0,1172.0,1191.0,1191.0,1212.0,1212.0,1177.0,1177.0,1159.0,1159.0,1188.0,1188.0,1185.0,1185.0
220,774.0,774.0,765.0,765.0,777.0,777.0,791.0,791.0,768.0,768.0,756.0,756.0,775.0,775.0,773.0,773.0
391,80179.0,80179.0,79245.0,79245.0,80510.0,80510.0,81969.0,81969.0,79604.0,79604.0,78331.0,78331.0,80354.0,80354.0,80129.0,80129.0
726,121.0,121.0,127.0,127.0,114.0,114.0,116.0,116.0,99.0,99.0,98.0,98.0,107.0,107.0,106.0,106.0
727,116.0,116.0,122.0,122.0,109.0,109.0,111.0,111.0,95.0,95.0,94.0,94.0,102.0,102.0,102.0,102.0
724,82.0,82.0,86.0,86.0,77.0,77.0,78.0,78.0,67.0,67.0,66.0,66.0,72.0,72.0,72.0,72.0
390,47534.0,47534.0,46981.0,46981.0,47729.0,47729.0,48597.0,48597.0,47192.0,47192.0,46440.0,46440.0,47638.0,47638.0,47507.0,47507.0
722,0,0,0,0,0,0,0,0,0,0,0,0,0,0,0,0
723,0.0,0.0,0.0,0.0,0.0,0.0,0.0,0.0,0.0,0.0,0.0,0.0,0.0,0.0,0.0,0.0
720,2.0,2.0,2.0,2.0,2.0,2.0,2.0,2.0,1.0,1.0,1.0,1.0,2.0,2.0,2.0,2.0
721,1.0,1.0,2.0,2.0,1.0,1.0,1.0,1.0,1.0,1.0,1.0,1.0,1.0,1.0,1.0,1.0
728,0,0,0,0,0,0,0,0,0,0,0,0,0,0,0,0
729,0,0,0,0,0,0,0,0,0,0,0,0,0,0,0,0
151,823.0,823.0,813.0,813.0,826.0,826.0,842.0,842.0,817.0,817.0,804.0,804.0,825.0,825.0,823.0,823.0
150,1147.0,1147.0,1133.0,1133.0,1152.0,1152.0,1173.0,1173.0,1139.0,1139.0,1121.0,1121.0,1150.0,1150.0,1147.0,1147.0
153,155.0,155.0,153.0,153.0,156.0,156.0,159.0,159.0,154.0,154.0,152.0,152.0,155.0,155.0,155.0,155.0
152,300.0,300.0,297.0,297.0,302.0,302.0,307.0,307.0,298.0,298.0,294.0,294.0,301.0,301.0,300.0,300.0
155,1625.0,1625.0,1606.0,1606.0,1632.0,1632.0,1662.0,1662.0,1613.0,1613.0,1588.0,1588.0,1628.0,1628.0,1624.0,1624.0
154,609.0,609.0,602.0,602.0,611.0,611.0,623.0,623.0,605.0,605.0,595.0,595.0,610.0,610.0,609.0,609.0
157,1728.0,1728.0,1708.0,1708.0,1735.0,1735.0,1767.0,1767.0,1716.0,1716.0,1689.0,1689.0,1732.0,1732.0,1728.0,1728.0
156,975.0,975.0,964.0,964.0,979.0,979.0,997.0,997.0,968.0,968.0,953.0,953.0,977.0,977.0,975.0,975.0
159,479.0,479.0,473.0,473.0,481.0,481.0,490.0,490.0,476.0,476.0,468.0,468.0,480.0,480.0,479.0,479.0
158,1383.0,1383.0,1367.0,1367.0,1389.0,1389.0,1414.0,1414.0,1374.0,1374.0,1352.0,1352.0,1386.0,1386.0,1383.0,1383.0
609,1300.0,1300.0,1336.0,1336.0,1256.0,1256.0,1278.0,1278.0,1149.0,1149.0,1130.0,1130.0,1205.0,1205.0,1202.0,1202.0
608,0,0,0,0,0,0,0,0,0,0,0,0,0,0,0,0
634,0,0,0,0,0,0,0,0,0,0,0,0,0,0,0,0
399,2990.0,2990.0,2956.0,2956.0,3003.0,3003.0,3057.0,3057.0,2968.0,2968.0,2922.0,2922.0,2997.0,2997.0,2989.0,2989.0
635,15.0,15.0,16.0,16.0,14.0,14.0,15.0,15.0,12.0,12.0,12.0,12.0,13.0,13.0,13.0,13.0
749,49.0,49.0,52.0,52.0,46.0,46.0,47.0,47.0,40.0,40.0,39.0,39.0,43.0,43.0,43.0,43.0
398,3690.0,3690.0,3646.0,3646.0,3705.0,3705.0,3773.0,3773.0,3663.0,3663.0,3605.0,3605.0,3698.0,3698.0,3688.0,3688.0
48,105.0,105.0,104.0,104.0,105.0,105.0,107.0,107.0,104.0,104.0,103.0,103.0,105.0,105.0,105.0,105.0
49,128.0,128.0,126.0,126.0,128.0,128.0,131.0,131.0,127.0,127.0,125.0,125.0,128.0,128.0,128.0,128.0
46,63.0,63.0,63.0,63.0,64.0,64.0,65.0,65.0,63.0,63.0,62.0,62.0,64.0,64.0,63.0,63.0
47,90.0,90.0,89.0,89.0,90.0,90.0,92.0,92.0,90.0,90.0,88.0,88.0,90.0,90.0,90.0,90.0
44,488.0,488.0,482.0,482.0,490.0,490.0,499.0,499.0,485.0,485.0,477.0,477.0,489.0,489.0,488.0,488.0
45,186.0,186.0,184.0,184.0,187.0,187.0,191.0,191.0,185.0,185.0,182.0,182.0,187.0,187.0,186.0,186.0
42,1271.0,1271.0,1256.0,1256.0,1276.0,1276.0,1300.0,1300.0,1262.0,1262.0,1242.0,1242.0,1274.0,1274.0,1270.0,1270.0
43,700.0,700.0,692.0,692.0,703.0,703.0,716.0,716.0,696.0,696.0,685.0,685.0,702.0,702.0,700.0,700.0
40,1041.0,1041.0,1028.0,1028.0,1045.0,1045.0,1064.0,1064.0,1033.0,1033.0,1017.0,1017.0,1043.0,1043.0,1040.0,1040.0
41,963.0,963.0,952.0,952.0,967.0,967.0,985.0,985.0,956.0,956.0,941.0,941.0,965.0,965.0,963.0,963.0
638,1475.0,1475.0,1553.0,1553.0,1390.0,1390.0,1415.0,1415.0,1211.0,1211.0,1192.0,1192.0,1302.0,1302.0,1299.0,1299.0
5,955.0,955.0,944.0,944.0,959.0,959.0,976.0,976.0,948.0,948.0,933.0,933.0,957.0,957.0,954.0,954.0
639,115.0,115.0,121.0,121.0,108.0,108.0,110.0,110.0,94.0,94.0,93.0,93.0,101.0,101.0,101.0,101.0
489,3928.0,3928.0,3883.0,3883.0,3945.0,3945.0,4016.0,4016.0,3900.0,3900.0,3838.0,3838.0,3937.0,3937.0,3926.0,3926.0
488,1826.0,1826.0,1804.0,1804.0,1833.0,1833.0,1866.0,1866.0,1812.0,1812.0,1784.0,1784.0,1830.0,1830.0,1824.0,1824.0
487,2995.0,2995.0,2960.0,2960.0,3008.0,3008.0,3062.0,3062.0,2974.0,2974.0,2926.0,2926.0,3002.0,3002.0,2993.0,2993.0
486,715.0,715.0,707.0,707.0,718.0,718.0,731.0,731.0,710.0,710.0,699.0,699.0,717.0,717.0,715.0,715.0
485,0,0,0,0,0,0,0,0,0,0,0,0,0,0,0,0
484,0.0,0.0,0.0,0.0,0.0,0.0,0.0,0.0,0.0,0.0,0.0,0.0,0.0,0.0,0.0,0.0
483,4208.0,4208.0,4159.0,4159.0,4225.0,4225.0,4302.0,4302.0,4178.0,4178.0,4111.0,4111.0,4217.0,4217.0,4205.0,4205.0
482,7930.0,7930.0,7838.0,7838.0,7963.0,7963.0,8108.0,8108.0,7874.0,7874.0,7748.0,7748.0,7948.0,7948.0,7926.0,7926.0
481,4992.0,4992.0,4951.0,4951.0,4996.0,4996.0,5087.0,5087.0,4908.0,4908.0,4830.0,4830.0,4970.0,4970.0,4957.0,4957.0
480,0,0,0,0,0,0,0,0,0,0,0,0,0,0,0,0
472,109.0,109.0,112.0,112.0,106.0,106.0,108.0,108.0,97.0,97.0,95.0,95.0,101.0,101.0,101.0,101.0
473,170.0,170.0,176.0,176.0,164.0,164.0,169.0,169.0,151.0,151.0,149.0,149.0,158.0,158.0,158.0,158.0
470,575.0,575.0,577.0,577.0,569.0,569.0,579.0,579.0,546.0,546.0,537.0,537.0,559.0,559.0,558.0,558.0
471,177.0,177.0,182.0,182.0,171.0,171.0,174.0,174.0,156.0,156.0,154.0,154.0,164.0,164.0,164.0,164.0
476,261.0,261.0,268.0,268.0,252.0,252.0,257.0,257.0,231.0,231.0,227.0,227.0,242.0,242.0,242.0,242.0
477,567.0,567.0,583.0,583.0,548.0,548.0,558.0,558.0,502.0,502.0,494.0,494.0,526.0,526.0,525.0,525.0
474,131.0,131.0,135.0,135.0,126.0,126.0,129.0,129.0,116.0,116.0,114.0,114.0,121.0,121.0,121.0,121.0
475,191.0,191.0,196.0,196.0,185.0,185.0,188.0,188.0,169.0,169.0,166.0,166.0,177.0,177.0,177.0,177.0
478,6022.0,6022.0,6188.0,6188.0,5817.0,5817.0,5922.0,5922.0,5321.0,5321.0,5236.0,5236.0,5584.0,5584.0,5569.0,5569.0
479,1260.0,1260.0,1295.0,1295.0,1217.0,1217.0,1240.0,1240.0,1114.0,1114.0,1096.0,1096.0,1169.0,1169.0,1165.0,1165.0
